product_key,product_id,product_category_name,product_category_english,product_name_length,product_description_length,product_photos_qty,product_weight_g,product_volume_cm3,size_category,created_at,updated_at
30,6f62001842da40c48a52c4f98c2cfa41,relogios_presentes,Watches & Gifts,98,2285,3,32986.0,180960.0,Large,2026-07-17 06:50:20.501668,2026-07-17 07:12:14.739715
31,80bbc3ef6f1844f0a9306c490f2d2829,moveis_decoracao,Furniture & Decor,41,2798,20,39708.0,36960.0,Large,2026-07-17 06:50:20.501668,2026-07-17 07:12:14.739715
32,f00560ec326a40ac90d8685b755f0bcb,beleza_saude,Health & Beauty,30,286,19,17394.0,212784.0,Large,2026-07-17 06:50:20.501668,2026-07-17 07:12:14.739715
33,2276d1ec78df40d5915fecea0681a064,brinquedos,Toys,99,2717,1,32689.0,264180.0,Large,2026-07-17 06:50:20.501668,2026-07-17 07:12:14.739715
34,f1a5bcf04b8a4ef0957be8a2a4d8b3fc,relogios_presentes,Watches & Gifts,81,1103,13,19542.0,82026.0,Large,2026-07-17 06:50:20.501668,2026-07-17 07:12:14.739715
35,a02af04db78f46ab8b583a16e2f85a67,informatica_acessorios,Computers & Accessories,40,1900,14,31785.0,95232.0,Large,2026-07-17 06:50:20.501668,2026-07-17 07:12:14.739715
36,0ed10c4f22134fba91c8be2d297b5101,moveis_decoracao,Furniture & Decor,60,1407,12,26180.0,76440.0,Large,2026-07-17 06:50:20.501668,2026-07-17 07:12:14.739715
37,c7ab249705394038898e58e30a6f288e,cama_mesa_banho,Bed Bath Table,60,1090,15,8079.0,87048.0,Large,2026-07-17 06:50:20.501668,2026-07-17 07:12:14.739715
38,4958d010cc7d4c168762b963b4f0a75d,moveis_decoracao,Furniture & Decor,32,307,10,25225.0,173304.0,Large,2026-07-17 06:50:20.501668,2026-07-17 07:12:14.739715
39,14deb00f0088471aa0cec2599fd72891,esporte_lazer,Sports & Leisure,61,2466,11,12490.0,119000.0,Large,2026-07-17 06:50:20.501668,2026-07-17 07:12:14.739715
40,db7c177c0b2a4a88872d59251e5b00fa,ferramentas_jardim,Garden Tools,83,1363,16,1568.0,60720.0,Large,2026-07-17 06:50:20.501668,2026-07-17 07:12:14.739715
41,21030327250d48eba7a47b3f2363ce80,ferramentas_jardim,Garden Tools,50,981,19,23177.0,4961.0,Medium,2026-07-17 06:50:20.501668,2026-07-17 07:12:14.739715
42,c2669cedeb604808bf360496b432b7d7,outros,Others,96,2779,16,18776.0,7884.0,Large,2026-07-17 06:50:20.501668,2026-07-17 07:12:14.739715
43,7059ac87ae8f4b2d82e1e118cfa30d21,brinquedos,Toys,37,1183,12,26477.0,28560.0,Large,2026-07-17 06:50:20.501668,2026-07-17 07:12:14.739715
44,8f7c4deb156a4d6484ec72c89b8ff2df,informatica_acessorios,Computers & Accessories,92,2401,7,23808.0,43050.0,Large,2026-07-17 06:50:20.501668,2026-07-17 07:12:14.739715
45,5853ce05b3184826a99ca0fedf56c7c8,papelaria,Stationery,84,1944,18,18381.0,641424.0,Large,2026-07-17 06:50:20.501668,2026-07-17 07:12:14.739715
46,a9797d000dc84b5e993229981bd020ed,cama_mesa_banho,Bed Bath Table,36,496,13,24507.0,186048.0,Large,2026-07-17 06:50:20.501668,2026-07-17 07:12:14.739715
47,364f21a7b6d94e63ab3f8374047e58a9,moveis_decoracao,Furniture & Decor,45,2567,17,26355.0,6900.0,Large,2026-07-17 06:50:20.501668,2026-07-17 07:12:14.739715
48,808b4a99153446e386a59e3b45b4de33,informatica_acessorios,Computers & Accessories,37,1464,16,34084.0,123984.0,Large,2026-07-17 06:50:20.501668,2026-07-17 07:12:14.739715
49,083a10fd71a0457db7a2808dceb6d931,moveis_decoracao,Furniture & Decor,61,2611,11,10699.0,451935.0,Large,2026-07-17 06:50:20.501668,2026-07-17 07:12:14.739715
50,6e23e88d86a0476caea68506532745a9,relogios_presentes,Watches & Gifts,95,1477,17,33454.0,464645.0,Large,2026-07-17 06:50:20.501668,2026-07-17 07:12:14.739715
51,994b097b07514d99b578094a019ce436,relogios_presentes,Watches & Gifts,80,168,12,21758.0,100282.0,Large,2026-07-17 06:50:20.501668,2026-07-17 07:12:14.739715
52,8c85b193675d4edeb697b757ba85b777,relogios_presentes,Watches & Gifts,112,2918,1,39169.0,217360.0,Large,2026-07-17 06:50:20.501668,2026-07-17 07:12:14.739715
53,ab0659d2a78b4658b76c83889434cbb9,utilidades_domesticas,Housewares,112,310,19,31536.0,159120.0,Large,2026-07-17 06:50:20.501668,2026-07-17 07:12:14.739715
54,f4aadff3b3f2498d96e6f63c3f9ac0cf,papelaria,Stationery,38,2888,8,2119.0,139308.0,Large,2026-07-17 06:50:20.501668,2026-07-17 07:12:14.739715
55,48d90cc4e11d4d91ac6c28b1b94fd9ee,perfumaria,Perfumery,22,1906,11,27495.0,127224.0,Large,2026-07-17 06:50:20.501668,2026-07-17 07:12:14.739715
56,07fe91edd6f84e939c646ab30bcff627,perfumaria,Perfumery,72,2155,20,30957.0,116424.0,Large,2026-07-17 06:50:20.501668,2026-07-17 07:12:14.739715
57,ba56d942d62c440f9dda442792dfced9,moveis_decoracao,Furniture & Decor,86,949,18,21352.0,422928.0,Large,2026-07-17 06:50:20.501668,2026-07-17 07:12:14.739715
58,43c395b7098b44fca79be4ac4d3b24c1,papelaria,Stationery,60,809,15,34989.0,177600.0,Large,2026-07-17 06:50:20.501668,2026-07-17 07:12:14.739715
59,e3be36d98a7743e3b8eadbe722656a7a,telefonia,Telephony,98,2083,7,16205.0,130720.0,Large,2026-07-17 06:50:20.501668,2026-07-17 07:12:14.739715
60,3305cab0f99445b29e44f14a6ae618e8,utilidades_domesticas,Housewares,58,1283,7,32097.0,145530.0,Large,2026-07-17 06:50:20.501668,2026-07-17 07:12:14.739715
61,d51145dcdf6b458996cc39e2487a7ca0,telefonia,Telephony,56,599,19,35648.0,142835.0,Large,2026-07-17 06:50:20.501668,2026-07-17 07:12:14.739715
62,4699e84ee58342fe9fe92d5cd20012af,moveis_decoracao,Furniture & Decor,57,272,10,5229.0,263032.0,Large,2026-07-17 06:50:20.501668,2026-07-17 07:12:14.739715
63,3d1b6b29cd9843ed9c4f14fe71a9a2f8,telefonia,Telephony,115,2062,7,13292.0,216372.0,Large,2026-07-17 06:50:20.501668,2026-07-17 07:12:14.739715
64,e8833adf26dd49489a792f6cc358d39f,telefonia,Telephony,37,547,20,38508.0,13860.0,Large,2026-07-17 06:50:20.501668,2026-07-17 07:12:14.739715
65,cbc666e468e0421fb36df8bc48b812a2,utilidades_domesticas,Housewares,101,1053,2,6616.0,257184.0,Large,2026-07-17 06:50:20.501668,2026-07-17 07:12:14.739715
66,222ef34fe73045b9b131b427cc668c61,outros,Others,32,2890,5,389.0,106875.0,Large,2026-07-17 06:50:20.501668,2026-07-17 07:12:14.739715
67,33eba24e1d5745488475a4449c9f97c2,outros,Others,81,2764,7,18874.0,164082.0,Large,2026-07-17 06:50:20.501668,2026-07-17 07:12:14.739715
68,28cedfb40a2e412d993edd26abf8ed7f,informatica_acessorios,Computers & Accessories,118,466,19,15268.0,701019.0,Large,2026-07-17 06:50:20.501668,2026-07-17 07:12:14.739715
69,86409217e64a43b0bac7f37c5ad578e8,informatica_acessorios,Computers & Accessories,42,1811,6,2431.0,104720.0,Large,2026-07-17 06:50:20.501668,2026-07-17 07:12:14.739715
70,cc2c26174d2543fd9b6252c5469dcf5e,relogios_presentes,Watches & Gifts,24,137,10,37271.0,69372.0,Large,2026-07-17 06:50:20.501668,2026-07-17 07:12:14.739715
71,6f7d98f921944c69b5b7cd76623e10be,relogios_presentes,Watches & Gifts,78,2726,18,34411.0,103224.0,Large,2026-07-17 06:50:20.501668,2026-07-17 07:12:14.739715
72,9d6037e923bc4435964fdc6e86cc5695,ferramentas_jardim,Garden Tools,54,889,4,21721.0,154350.0,Large,2026-07-17 06:50:20.501668,2026-07-17 07:12:14.739715
73,bccabf8e6d964d5e8162562c982292b8,telefonia,Telephony,111,862,1,22142.0,294294.0,Large,2026-07-17 06:50:20.501668,2026-07-17 07:12:14.739715
74,2e9062889b974691b86bc8b0f76edbf5,perfumaria,Perfumery,42,2602,13,28079.0,51520.0,Large,2026-07-17 06:50:20.501668,2026-07-17 07:12:14.739715
75,7cf8ccd5f7334a09a04d375b035771ed,papelaria,Stationery,105,490,6,9265.0,109296.0,Large,2026-07-17 06:50:20.501668,2026-07-17 07:12:14.739715
76,755610eebffa437280faa9e8bb80fdec,beleza_saude,Health & Beauty,53,1671,8,29327.0,78819.0,Large,2026-07-17 06:50:20.501668,2026-07-17 07:12:14.739715
77,dc9c2b5c66a745e7b57cf2cd1062f860,beleza_saude,Health & Beauty,53,2777,12,15536.0,21600.0,Large,2026-07-17 06:50:20.501668,2026-07-17 07:12:14.739715
78,f377c36d1e2049fd975fb7ee203354b2,ferramentas_jardim,Garden Tools,59,754,13,32983.0,388740.0,Large,2026-07-17 06:50:20.501668,2026-07-17 07:12:14.739715
79,19f75fa930bb4d7698b1cefbfcf1f452,cama_mesa_banho,Bed Bath Table,101,1308,12,14523.0,47916.0,Large,2026-07-17 06:50:20.501668,2026-07-17 07:12:14.739715
80,d3c0bd19046d4599b3762a0bd0afa65a,moveis_decoracao,Furniture & Decor,78,2581,12,27302.0,458250.0,Large,2026-07-17 06:50:20.501668,2026-07-17 07:12:14.739715
81,c012b542554840b6be894811db84613f,perfumaria,Perfumery,117,1113,20,5415.0,321408.0,Large,2026-07-17 06:50:20.501668,2026-07-17 07:12:14.739715
82,865bed946cac4da5ba754fb7c9b48407,bebes,Babies,29,2410,4,4097.0,155250.0,Large,2026-07-17 06:50:20.501668,2026-07-17 07:12:14.739715
83,7b67bb2c70ed42979279cd99ad736ce5,moveis_decoracao,Furniture & Decor,41,1443,17,29006.0,54188.0,Large,2026-07-17 06:50:20.501668,2026-07-17 07:12:14.739715
84,0cd5745b4a5c49afbf78dd28a16ed672,outros,Others,31,2190,15,3696.0,92610.0,Large,2026-07-17 06:50:20.501668,2026-07-17 07:12:14.739715
85,982d996d790a4c53ba06f5d0a0351e47,brinquedos,Toys,78,2409,2,36671.0,256256.0,Large,2026-07-17 06:50:20.501668,2026-07-17 07:12:14.739715
18,5e5f0d52effd4f348a2938708dd70ae9,outros,Others,86,1685,18,7767.0,137180.0,Large,2026-07-17 06:50:20.501668,2026-07-17 07:12:14.739715
86,3f7d0462586d472f9d2e75026509a5bc,beleza_saude,Health & Beauty,70,1142,1,14330.0,11060.0,Large,2026-07-17 06:50:20.501668,2026-07-17 07:12:14.739715
87,62d38b14e571457e9a81a70d325c9963,brinquedos,Toys,64,2968,3,35515.0,10140.0,Large,2026-07-17 06:50:20.501668,2026-07-17 07:12:14.739715
88,7f02a255f3e04c12a8345441391200df,informatica_acessorios,Computers & Accessories,56,1774,6,8925.0,741762.0,Large,2026-07-17 06:50:20.501668,2026-07-17 07:12:14.739715
89,e1f3dfa01f3f4e50aa2997e1eee518f6,brinquedos,Toys,67,1666,15,24789.0,73140.0,Large,2026-07-17 06:50:20.501668,2026-07-17 07:12:14.739715
90,102b4f1d09ad4d55b33ad16811b6f9cd,moveis_decoracao,Furniture & Decor,103,1524,4,11746.0,289080.0,Large,2026-07-17 06:50:20.501668,2026-07-17 07:12:14.739715
91,7b2f78e4af7c4169be108900934089a7,moveis_decoracao,Furniture & Decor,113,1012,1,1539.0,250432.0,Large,2026-07-17 06:50:20.501668,2026-07-17 07:12:14.739715
92,61614b5004ac450d828fe566518a8fd8,brinquedos,Toys,88,1653,8,16270.0,74088.0,Large,2026-07-17 06:50:20.501668,2026-07-17 07:12:14.739715
93,b0ab452666ab437695832ce3358ffa6b,telefonia,Telephony,44,562,2,27525.0,20335.0,Large,2026-07-17 06:50:20.501668,2026-07-17 07:12:14.739715
94,45d688ba42bc4c46bd9a15360cdf9402,perfumaria,Perfumery,28,513,20,2250.0,457002.0,Large,2026-07-17 06:50:20.501668,2026-07-17 07:12:14.739715
95,7ccfa82361bf46d3a67673d9d43fd823,informatica_acessorios,Computers & Accessories,51,281,13,28817.0,80512.0,Large,2026-07-17 06:50:20.501668,2026-07-17 07:12:14.739715
96,4d1c66e9da344a7d8b735cd0939989d3,informatica_acessorios,Computers & Accessories,37,2163,10,15396.0,343980.0,Large,2026-07-17 06:50:20.501668,2026-07-17 07:12:14.739715
97,c1c0c70bcc4942e893a5ae9c10b332e3,alimentos_bebidas,Food & Drink,50,1336,5,34210.0,80883.0,Large,2026-07-17 06:50:20.501668,2026-07-17 07:12:14.739715
98,3fe1fc0dcedb4d05a217a98cc7363923,telefonia,Telephony,27,2380,19,11527.0,456365.0,Large,2026-07-17 06:50:20.501668,2026-07-17 07:12:14.739715
99,55fbec30d26c4c47ad90b3aae710204e,outros,Others,26,1510,13,34421.0,245340.0,Large,2026-07-17 06:50:20.501668,2026-07-17 07:12:14.739715
100,cab90756c7fe476bb2735937b1f3c187,brinquedos,Toys,39,1328,13,12100.0,166075.0,Large,2026-07-17 06:50:20.501668,2026-07-17 07:12:14.739715
101,3b3c7ee43dfe404785f19af307eec1cf,utilidades_domesticas,Housewares,58,2998,5,30394.0,51984.0,Large,2026-07-17 06:50:20.501668,2026-07-17 07:12:14.739715
102,732270b94612421bbb77e1164dc361f8,brinquedos,Toys,91,2270,5,25505.0,41292.0,Large,2026-07-17 06:50:20.501668,2026-07-17 07:12:14.739715
103,8807dc35f05f42408c49bddb3b6b6f40,alimentos_bebidas,Food & Drink,102,423,15,24368.0,113296.0,Large,2026-07-17 06:50:20.501668,2026-07-17 07:12:14.739715
104,dc2a02826e73481da16e4d2edba5164b,perfumaria,Perfumery,26,1199,13,39697.0,11480.0,Large,2026-07-17 06:50:20.501668,2026-07-17 07:12:14.739715
105,b019fe9b898040c88b8231799bc900e2,perfumaria,Perfumery,117,2506,18,14272.0,96162.0,Large,2026-07-17 06:50:20.501668,2026-07-17 07:12:14.739715
106,41f21bf971d9426f87131f79d499549b,relogios_presentes,Watches & Gifts,21,967,7,7738.0,237600.0,Large,2026-07-17 06:50:20.501668,2026-07-17 07:12:14.739715
107,29b9333818e34b56848904dff08b6123,perfumaria,Perfumery,70,1080,18,21127.0,139072.0,Large,2026-07-17 06:50:20.501668,2026-07-17 07:12:14.739715
108,99ed3480532c4f8fbc9b3e501c7d1615,bebes,Babies,59,1171,12,33657.0,73984.0,Large,2026-07-17 06:50:20.501668,2026-07-17 07:12:14.739715
109,ab596706d96e4b9d8e06f0658e0454c0,outros,Others,117,1411,7,24344.0,25650.0,Large,2026-07-17 06:50:20.501668,2026-07-17 07:12:14.739715
110,7a1f82fc356a40059c04640f2f4e199f,utilidades_domesticas,Housewares,114,697,1,17140.0,468075.0,Large,2026-07-17 06:50:20.501668,2026-07-17 07:12:14.739715
111,64cdaa891d614c7cad10b4271d36ecf1,brinquedos,Toys,57,724,7,21668.0,138754.0,Large,2026-07-17 06:50:20.501668,2026-07-17 07:12:14.739715
112,7b38b44aff3548cbb003719af6ace2c3,utilidades_domesticas,Housewares,83,2355,11,16914.0,565413.0,Large,2026-07-17 06:50:20.501668,2026-07-17 07:12:14.739715
113,8e5d918d55b54172b622bce7a0488924,outros,Others,78,789,12,11142.0,157916.0,Large,2026-07-17 06:50:20.501668,2026-07-17 07:12:14.739715
114,a1ce6347981740179cad244f1ae51662,outros,Others,43,2320,2,34387.0,11340.0,Large,2026-07-17 06:50:20.501668,2026-07-17 07:12:14.739715
115,d3ff186d1aa24007b4767f4e7f9bb605,informatica_acessorios,Computers & Accessories,117,126,14,9060.0,37570.0,Large,2026-07-17 06:50:20.501668,2026-07-17 07:12:14.739715
116,b6652976e5174fdf8303c5af4abc9fa6,moveis_decoracao,Furniture & Decor,21,995,17,29935.0,52416.0,Large,2026-07-17 06:50:20.501668,2026-07-17 07:12:14.739715
117,019d230a26434b369a2dece4e8a37f98,outros,Others,104,2098,1,483.0,312075.0,Large,2026-07-17 06:50:20.501668,2026-07-17 07:12:14.739715
118,1a03e87b4797438f90b056ddbae4a8ef,beleza_saude,Health & Beauty,22,2268,9,35160.0,19803.0,Large,2026-07-17 06:50:20.501668,2026-07-17 07:12:14.739715
119,3c168338e30d43e088a073198305733c,brinquedos,Toys,42,538,4,34416.0,24360.0,Large,2026-07-17 06:50:20.501668,2026-07-17 07:12:14.739715
120,215a20c804f847878b8fb8ede58baff4,telefonia,Telephony,65,1194,13,5228.0,183456.0,Large,2026-07-17 06:50:20.501668,2026-07-17 07:12:14.739715
121,8d8a7f22d8c644108a7ad4f3ec76a9f7,utilidades_domesticas,Housewares,109,1025,10,5333.0,69696.0,Large,2026-07-17 06:50:20.501668,2026-07-17 07:12:14.739715
122,80e3558c958d471091b0806d441d5bac,automotivo,Auto,71,1653,13,36271.0,67080.0,Large,2026-07-17 06:50:20.501668,2026-07-17 07:12:14.739715
123,9e5f16886e7b4300bfd9e8558bf67451,beleza_saude,Health & Beauty,109,801,3,32808.0,245340.0,Large,2026-07-17 06:50:20.501668,2026-07-17 07:12:14.739715
124,053f3d97e70647369c5ada408e75d054,cama_mesa_banho,Bed Bath Table,87,274,8,13905.0,465465.0,Large,2026-07-17 06:50:20.501668,2026-07-17 07:12:14.739715
125,6ccb89107fa3444e88fdc67c25b733c6,telefonia,Telephony,25,404,9,35638.0,61677.0,Large,2026-07-17 06:50:20.501668,2026-07-17 07:12:14.739715
126,e38001ef26b84314ad014022c16c9eb3,esporte_lazer,Sports & Leisure,60,164,7,38521.0,121440.0,Large,2026-07-17 06:50:20.501668,2026-07-17 07:12:14.739715
127,ccdbb75aa8cc47ec81dc7878f21a678d,automotivo,Auto,58,765,19,15809.0,378378.0,Large,2026-07-17 06:50:20.501668,2026-07-17 07:12:14.739715
128,ca17d4e918d94ce199f63bea142fef1f,alimentos_bebidas,Food & Drink,69,673,3,32869.0,53900.0,Large,2026-07-17 06:50:20.501668,2026-07-17 07:12:14.739715
129,3a63824a348d4b9398b7cac7a88c3901,cama_mesa_banho,Bed Bath Table,75,1050,3,22371.0,551286.0,Large,2026-07-17 06:50:20.501668,2026-07-17 07:12:14.739715
130,c01ae3cba77841a59d074fd9cf7924a9,papelaria,Stationery,119,1436,1,17962.0,141236.0,Large,2026-07-17 06:50:20.501668,2026-07-17 07:12:14.739715
131,03e6175b591140f3a42ed17fea9678ca,bebes,Babies,90,1637,14,12222.0,646852.0,Large,2026-07-17 06:50:20.501668,2026-07-17 07:12:14.739715
132,8382af44db414a2aa25c7073a2eed689,papelaria,Stationery,30,2633,10,16201.0,20160.0,Large,2026-07-17 06:50:20.501668,2026-07-17 07:12:14.739715
133,c8a2046ec08d479db3bd6173ecc26e41,telefonia,Telephony,39,1656,5,25584.0,41310.0,Large,2026-07-17 06:50:20.501668,2026-07-17 07:12:14.739715
134,5ae13a8021af4c6eafd74f72c3ca7d94,automotivo,Auto,20,1362,15,23637.0,14742.0,Large,2026-07-17 06:50:20.501668,2026-07-17 07:12:14.739715
135,37cc84b9373940548c6169a5f638a4ae,automotivo,Auto,43,1865,15,36552.0,303240.0,Large,2026-07-17 06:50:20.501668,2026-07-17 07:12:14.739715
136,f9d0cc9a8b664dafad7084607fb02116,cama_mesa_banho,Bed Bath Table,23,467,12,36371.0,104976.0,Large,2026-07-17 06:50:20.501668,2026-07-17 07:12:14.739715
137,94f197e246e64c93aab98d238bd69bba,alimentos_bebidas,Food & Drink,69,150,10,27169.0,78570.0,Large,2026-07-17 06:50:20.501668,2026-07-17 07:12:14.739715
138,4b530fe777f540af8aa087902079c1a1,utilidades_domesticas,Housewares,93,2234,6,25001.0,22308.0,Large,2026-07-17 06:50:20.501668,2026-07-17 07:12:14.739715
139,e06eb2e1fd154eb1a990a40d0bded549,relogios_presentes,Watches & Gifts,54,2119,5,4196.0,62400.0,Large,2026-07-17 06:50:20.501668,2026-07-17 07:12:14.739715
140,c5c2247dd0234099962ce26260a0b511,brinquedos,Toys,58,2083,3,23716.0,129204.0,Large,2026-07-17 06:50:20.501668,2026-07-17 07:12:14.739715
141,0ef83a9336c143e1bce1315675d74914,outros,Others,96,2625,7,30056.0,17028.0,Large,2026-07-17 06:50:20.501668,2026-07-17 07:12:14.739715
142,c0b7c8924ead4cc4bfca06a3637602cb,beleza_saude,Health & Beauty,70,1460,20,24946.0,134749.0,Large,2026-07-17 06:50:20.501668,2026-07-17 07:12:14.739715
143,916cb82835ff40d9a7bb6356e57f602d,brinquedos,Toys,103,2534,5,19739.0,350796.0,Large,2026-07-17 06:50:20.501668,2026-07-17 07:12:14.739715
144,eb998b552fc94239b7a6597676ffe7bd,perfumaria,Perfumery,81,1386,6,26149.0,187110.0,Large,2026-07-17 06:50:20.501668,2026-07-17 07:12:14.739715
145,7bc048c79f8840f58914566d340d2a33,outros,Others,93,1092,11,24695.0,112200.0,Large,2026-07-17 06:50:20.501668,2026-07-17 07:12:14.739715
146,23d31c22e38746b9a011ccf0f9b14f33,cama_mesa_banho,Bed Bath Table,92,918,19,35808.0,193200.0,Large,2026-07-17 06:50:20.501668,2026-07-17 07:12:14.739715
147,0b64fd41a2d44d4f975056bccdd35e0a,beleza_saude,Health & Beauty,113,1990,7,28784.0,50778.0,Large,2026-07-17 06:50:20.501668,2026-07-17 07:12:14.739715
148,36082a670a0045cd893c0ed5e2392312,brinquedos,Toys,106,2145,5,19896.0,115255.0,Large,2026-07-17 06:50:20.501668,2026-07-17 07:12:14.739715
149,5b80509020ac4c66936e07b3f75a356a,moveis_decoracao,Furniture & Decor,111,1833,13,4897.0,331452.0,Large,2026-07-17 06:50:20.501668,2026-07-17 07:12:14.739715
150,98e838a8d9004eae951a28d246a098fd,papelaria,Stationery,88,2175,14,35678.0,43146.0,Large,2026-07-17 06:50:20.501668,2026-07-17 07:12:14.739715
151,95b14e6ac11540919257d825d8f1f344,automotivo,Auto,33,1116,12,10951.0,72210.0,Large,2026-07-17 06:50:20.501668,2026-07-17 07:12:14.739715
152,a80314f2841b4f87a6f3cfa38e79694f,papelaria,Stationery,116,1458,14,6993.0,3876.0,Medium,2026-07-17 06:50:20.501668,2026-07-17 07:12:14.739715
153,b315cd6a33354056b1c9f444f5504e7a,utilidades_domesticas,Housewares,85,2224,18,38094.0,239382.0,Large,2026-07-17 06:50:20.501668,2026-07-17 07:12:14.739715
154,2557f9d957af478aac951007eae2a452,ferramentas_jardim,Garden Tools,67,1702,15,38623.0,154008.0,Large,2026-07-17 06:50:20.501668,2026-07-17 07:12:14.739715
155,291b7601e80e4732bcf7567143a26d22,bebes,Babies,23,2077,4,19411.0,16530.0,Large,2026-07-17 06:50:20.501668,2026-07-17 07:12:14.739715
156,491b440b5605407b9cbdb94d4cfb9c74,moveis_decoracao,Furniture & Decor,64,1377,11,29890.0,145266.0,Large,2026-07-17 06:50:20.501668,2026-07-17 07:12:14.739715
157,2aec9efebb004e23bf5493268a7a7043,bebes,Babies,80,499,15,29701.0,25155.0,Large,2026-07-17 06:50:20.501668,2026-07-17 07:12:14.739715
158,a89a0f3202a248c7ad42cf06092316ee,informatica_acessorios,Computers & Accessories,110,571,1,22533.0,142506.0,Large,2026-07-17 06:50:20.501668,2026-07-17 07:12:14.739715
159,71cabe34ecb54b39852c2650c9090f96,esporte_lazer,Sports & Leisure,114,1099,17,11482.0,88125.0,Large,2026-07-17 06:50:20.501668,2026-07-17 07:12:14.739715
160,c667bdf7e6854f74bfd2aabcb9768844,brinquedos,Toys,79,1049,13,12138.0,214312.0,Large,2026-07-17 06:50:20.501668,2026-07-17 07:12:14.739715
161,8c120bf35404443d9ea13f89c435fa1f,brinquedos,Toys,70,219,20,12981.0,292640.0,Large,2026-07-17 06:50:20.501668,2026-07-17 07:12:14.739715
162,a5f4cf2e92c54474ba736dd95743fed7,papelaria,Stationery,20,2986,7,13536.0,49400.0,Large,2026-07-17 06:50:20.501668,2026-07-17 07:12:14.739715
163,a7fd1065b761414291ebdd6186406883,cama_mesa_banho,Bed Bath Table,88,865,12,21413.0,35910.0,Large,2026-07-17 06:50:20.501668,2026-07-17 07:12:14.739715
164,e7c51a1a798d42868710c3c7c57c3094,telefonia,Telephony,105,2104,17,20589.0,363042.0,Large,2026-07-17 06:50:20.501668,2026-07-17 07:12:14.739715
165,66501eaeb6884533b0fb51b2125b0dcb,papelaria,Stationery,95,567,12,23117.0,142884.0,Large,2026-07-17 06:50:20.501668,2026-07-17 07:12:14.739715
166,0b24c9d26f2b417485e27b993523bb0b,relogios_presentes,Watches & Gifts,98,2517,3,8828.0,31500.0,Large,2026-07-17 06:50:20.501668,2026-07-17 07:12:14.739715
167,e70cda577ae74e8ab96d186c1abf513e,relogios_presentes,Watches & Gifts,34,849,12,9314.0,219240.0,Large,2026-07-17 06:50:20.501668,2026-07-17 07:12:14.739715
168,5092dc9d292d4a519170ef12f702271d,moveis_decoracao,Furniture & Decor,93,1671,14,12223.0,420626.0,Large,2026-07-17 06:50:20.501668,2026-07-17 07:12:14.739715
169,227f01b374ea48efb56e7c389581950e,esporte_lazer,Sports & Leisure,91,783,16,18979.0,27720.0,Large,2026-07-17 06:50:20.501668,2026-07-17 07:12:14.739715
170,5dc6899020be4a9392822c3687a1adc0,ferramentas_jardim,Garden Tools,99,319,12,678.0,42746.0,Large,2026-07-17 06:50:20.501668,2026-07-17 07:12:14.739715
171,991cbacea0024455819fa392f87c0755,papelaria,Stationery,91,2170,16,26863.0,357512.0,Large,2026-07-17 06:50:20.501668,2026-07-17 07:12:14.739715
172,0e7cc02c255e4a99b2a9f0ea48478b15,ferramentas_jardim,Garden Tools,82,785,3,37103.0,11088.0,Large,2026-07-17 06:50:20.501668,2026-07-17 07:12:14.739715
173,9814583365c043dd8c2940eb62a231ca,informatica_acessorios,Computers & Accessories,55,1020,18,18968.0,126126.0,Large,2026-07-17 06:50:20.501668,2026-07-17 07:12:14.739715
174,40b68b418528478481e2c7437efa9c80,outros,Others,90,2192,4,37583.0,54834.0,Large,2026-07-17 06:50:20.501668,2026-07-17 07:12:14.739715
175,c92673740d01486a880dc3e0c27988cb,bebes,Babies,89,270,15,35855.0,33984.0,Large,2026-07-17 06:50:20.501668,2026-07-17 07:12:14.739715
176,ee9dc57bd8db48f5883a3219b3a48c5d,utilidades_domesticas,Housewares,58,232,15,17273.0,47824.0,Large,2026-07-17 06:50:20.501668,2026-07-17 07:12:14.739715
177,3cffb62e2fdf4ae2ba544cf823779a2c,cama_mesa_banho,Bed Bath Table,119,1070,7,38580.0,432915.0,Large,2026-07-17 06:50:20.501668,2026-07-17 07:12:14.739715
178,219c90bd5c0c46cf80905ae9f2ab851c,brinquedos,Toys,41,2623,5,13591.0,28644.0,Large,2026-07-17 06:50:20.501668,2026-07-17 07:12:14.739715
179,9302a477ce4f460f9e17972cbc78fb68,bebes,Babies,88,1251,20,35358.0,113620.0,Large,2026-07-17 06:50:20.501668,2026-07-17 07:12:14.739715
180,a8b87c3a0f7149919184aec7270dc1d1,relogios_presentes,Watches & Gifts,57,2445,9,33762.0,34034.0,Large,2026-07-17 06:50:20.501668,2026-07-17 07:12:14.739715
181,ee15a31effec4878a63e1ea83effc29b,brinquedos,Toys,27,1235,5,8746.0,79488.0,Large,2026-07-17 06:50:20.501668,2026-07-17 07:12:14.739715
182,d9eea963e68143d69ceb1ae8e2c85125,alimentos_bebidas,Food & Drink,51,2869,13,32127.0,152490.0,Large,2026-07-17 06:50:20.501668,2026-07-17 07:12:14.739715
183,a8dd5c57f9a2441c92ff5d2d143a6f61,telefonia,Telephony,100,1796,13,29671.0,19264.0,Large,2026-07-17 06:50:20.501668,2026-07-17 07:12:14.739715
184,ac57835dd12f4a4581565e0ce1040ba1,papelaria,Stationery,85,1239,12,29848.0,243478.0,Large,2026-07-17 06:50:20.501668,2026-07-17 07:12:14.739715
185,5a78a105ebeb46e0a1e4be1caf9daf63,beleza_saude,Health & Beauty,119,481,15,23526.0,52195.0,Large,2026-07-17 06:50:20.501668,2026-07-17 07:12:14.739715
186,0e24fd7ec59149f89ed3725b1833a0d3,perfumaria,Perfumery,74,967,16,17648.0,90528.0,Large,2026-07-17 06:50:20.501668,2026-07-17 07:12:14.739715
187,ee1f1b9a175c405fa9d45a44e6cbaa18,moveis_decoracao,Furniture & Decor,92,2087,11,3222.0,14450.0,Large,2026-07-17 06:50:20.501668,2026-07-17 07:12:14.739715
188,47e640be54134fca90d2dbbf71534b3b,ferramentas_jardim,Garden Tools,22,608,6,28970.0,18585.0,Large,2026-07-17 06:50:20.501668,2026-07-17 07:12:14.739715
189,c65deed687a74314861ead9a89bb11ce,perfumaria,Perfumery,108,640,10,10468.0,56320.0,Large,2026-07-17 06:50:20.501668,2026-07-17 07:12:14.739715
190,105a14740a2340fa9640d551b5418428,bebes,Babies,52,437,12,10897.0,51425.0,Large,2026-07-17 06:50:20.501668,2026-07-17 07:12:14.739715
191,471d117ab0f74a959c31c9ebf975cc48,relogios_presentes,Watches & Gifts,112,2964,8,28180.0,133760.0,Large,2026-07-17 06:50:20.501668,2026-07-17 07:12:14.739715
192,049cd541c5254dc8a97bb57ebb67824d,cama_mesa_banho,Bed Bath Table,20,974,16,5157.0,55440.0,Large,2026-07-17 06:50:20.501668,2026-07-17 07:12:14.739715
193,b0a19e7f2b1c4bb49964854687f12ac0,ferramentas_jardim,Garden Tools,21,133,11,7953.0,115227.0,Large,2026-07-17 06:50:20.501668,2026-07-17 07:12:14.739715
194,b90b484a453342b9b8688c6a9d2db5ea,outros,Others,29,1037,13,5904.0,31752.0,Large,2026-07-17 06:50:20.501668,2026-07-17 07:12:14.739715
195,55b3bb44048e487794e4838ed2076ec2,alimentos_bebidas,Food & Drink,67,1325,5,25132.0,174174.0,Large,2026-07-17 06:50:20.501668,2026-07-17 07:12:14.739715
196,497b120ca94748dfaf66110edddcb42b,moveis_decoracao,Furniture & Decor,28,2272,19,605.0,189904.0,Large,2026-07-17 06:50:20.501668,2026-07-17 07:12:14.739715
197,8f102ce87eda436f89500f7655513dc6,ferramentas_jardim,Garden Tools,64,972,5,27031.0,465796.0,Large,2026-07-17 06:50:20.501668,2026-07-17 07:12:14.739715
198,5f715947b9e348729c80581fa06bc9fb,perfumaria,Perfumery,31,511,5,8121.0,423360.0,Large,2026-07-17 06:50:20.501668,2026-07-17 07:12:14.739715
199,cbca8f2cc424420a8f536b157cdd7fc9,bebes,Babies,74,1388,5,16288.0,52200.0,Large,2026-07-17 06:50:20.501668,2026-07-17 07:12:14.739715
200,abd2a6dfdd104ee6955b5d1fbda02155,utilidades_domesticas,Housewares,90,2561,20,39869.0,30504.0,Large,2026-07-17 06:50:20.501668,2026-07-17 07:12:14.739715
201,3ef8d6a778314c52bc39b12e362bfea4,relogios_presentes,Watches & Gifts,46,2220,20,33442.0,159500.0,Large,2026-07-17 06:50:20.501668,2026-07-17 07:12:14.739715
202,4cf176273aa14035a9436f811b57a03b,relogios_presentes,Watches & Gifts,102,323,8,32482.0,35910.0,Large,2026-07-17 06:50:20.501668,2026-07-17 07:12:14.739715
203,63987ecaa3814a5f99d03d4cad1fdb3b,outros,Others,101,2532,3,34671.0,13770.0,Large,2026-07-17 06:50:20.501668,2026-07-17 07:12:14.739715
204,bc9a4820f9e0496d8ce6d6ac9fb98ae7,moveis_decoracao,Furniture & Decor,69,2428,14,23997.0,183816.0,Large,2026-07-17 06:50:20.501668,2026-07-17 07:12:14.739715
205,d6349ebd6ca644d28ca15d9710d8fb71,outros,Others,118,398,1,38543.0,2964.0,Medium,2026-07-17 06:50:20.501668,2026-07-17 07:12:14.739715
206,246a444cfcb84a5494f157a03af9e2c7,perfumaria,Perfumery,25,347,13,33251.0,334560.0,Large,2026-07-17 06:50:20.501668,2026-07-17 07:12:14.739715
207,98b45c3326de43279e745ae81eb21205,brinquedos,Toys,74,2974,13,5451.0,458294.0,Large,2026-07-17 06:50:20.501668,2026-07-17 07:12:14.739715
208,95f1c6f90bae4d819f25dbbcd74ada73,moveis_decoracao,Furniture & Decor,55,442,10,5228.0,52080.0,Large,2026-07-17 06:50:20.501668,2026-07-17 07:12:14.739715
209,90fbaba203b8405787d71ebd2a20782c,alimentos_bebidas,Food & Drink,70,2502,3,20377.0,552720.0,Large,2026-07-17 06:50:20.501668,2026-07-17 07:12:14.739715
210,21e361efe000436e96a38a113c474ce6,utilidades_domesticas,Housewares,27,1101,3,28524.0,99351.0,Large,2026-07-17 06:50:20.501668,2026-07-17 07:12:14.739715
211,37d8a8c562d24b7bbd6a7f698d41f391,informatica_acessorios,Computers & Accessories,59,2828,6,7877.0,12540.0,Large,2026-07-17 06:50:20.501668,2026-07-17 07:12:14.739715
212,208c97fe639d4b3b88c4e64fd7ae856c,beleza_saude,Health & Beauty,40,2133,12,34325.0,261706.0,Large,2026-07-17 06:50:20.501668,2026-07-17 07:12:14.739715
213,b4909d6c593e443a82ebd424737808f0,esporte_lazer,Sports & Leisure,67,619,9,7786.0,22184.0,Large,2026-07-17 06:50:20.501668,2026-07-17 07:12:14.739715
214,22bf7bbe577e4817ab6bc798931ed55e,telefonia,Telephony,87,361,9,37841.0,80920.0,Large,2026-07-17 06:50:20.501668,2026-07-17 07:12:14.739715
215,32da2762a51646488e7f964d8dde5af7,ferramentas_jardim,Garden Tools,85,1575,2,32792.0,104104.0,Large,2026-07-17 06:50:20.501668,2026-07-17 07:12:14.739715
216,6438659cd509400b84ed8fd684495aa6,esporte_lazer,Sports & Leisure,52,521,19,7608.0,235620.0,Large,2026-07-17 06:50:20.501668,2026-07-17 07:12:14.739715
217,5e6231df5fe942e9941f7742ca5768c6,beleza_saude,Health & Beauty,25,150,8,3063.0,179010.0,Large,2026-07-17 06:50:20.501668,2026-07-17 07:12:14.739715
218,1a8e0225bab34a70878cf901092ebced,moveis_decoracao,Furniture & Decor,42,244,18,27533.0,54648.0,Large,2026-07-17 06:50:20.501668,2026-07-17 07:12:14.739715
219,2cddb5d4ee6e4cc1a1ca8e50207f6eea,brinquedos,Toys,112,1410,9,5154.0,81120.0,Large,2026-07-17 06:50:20.501668,2026-07-17 07:12:14.739715
220,42e783475657470d8a844bd28c55d38e,informatica_acessorios,Computers & Accessories,42,1014,17,3059.0,46592.0,Large,2026-07-17 06:50:20.501668,2026-07-17 07:12:14.739715
221,70b4f610425e424ba1667799b69ba834,relogios_presentes,Watches & Gifts,119,1372,11,5711.0,28350.0,Large,2026-07-17 06:50:20.501668,2026-07-17 07:12:14.739715
222,f82b4dff8fe04e138df525d1a4cecab0,bebes,Babies,45,1294,19,19967.0,299376.0,Large,2026-07-17 06:50:20.501668,2026-07-17 07:12:14.739715
223,8561496e4e85436c9dd986180b95257c,ferramentas_jardim,Garden Tools,67,2523,16,12857.0,261072.0,Large,2026-07-17 06:50:20.501668,2026-07-17 07:12:14.739715
224,3ca58d504bf44f489029bde127a3aa7c,moveis_decoracao,Furniture & Decor,20,1779,1,15319.0,311836.0,Large,2026-07-17 06:50:20.501668,2026-07-17 07:12:14.739715
225,559fa94122254fd9b387968e41efdbf2,beleza_saude,Health & Beauty,62,105,13,20203.0,40176.0,Large,2026-07-17 06:50:20.501668,2026-07-17 07:12:14.739715
226,86d8776b03fd4c0b8b3f9b7f802683e7,utilidades_domesticas,Housewares,73,2115,2,9380.0,61440.0,Large,2026-07-17 06:50:20.501668,2026-07-17 07:12:14.739715
227,a11917f7f92b4ae194606fee1693bbd0,informatica_acessorios,Computers & Accessories,49,2228,14,24461.0,94500.0,Large,2026-07-17 06:50:20.501668,2026-07-17 07:12:14.739715
228,ace27bff437348a09bb030f63e256ff3,cama_mesa_banho,Bed Bath Table,84,646,13,4954.0,73920.0,Large,2026-07-17 06:50:20.501668,2026-07-17 07:12:14.739715
229,1a283738b6604dc4b49b083adf512af7,brinquedos,Toys,104,635,8,19165.0,94050.0,Large,2026-07-17 06:50:20.501668,2026-07-17 07:12:14.739715
230,ffafa0f3f9ba4c3a97156c41d7448e3b,alimentos_bebidas,Food & Drink,60,1954,9,15359.0,9240.0,Large,2026-07-17 06:50:20.501668,2026-07-17 07:12:14.739715
231,3b38ad05cbfa485eadcac420be083b5c,cama_mesa_banho,Bed Bath Table,39,532,6,29512.0,164160.0,Large,2026-07-17 06:50:20.501668,2026-07-17 07:12:14.739715
232,ee01f1fc461449e3b3f214d942614ab1,cama_mesa_banho,Bed Bath Table,88,1567,7,29666.0,107008.0,Large,2026-07-17 06:50:20.501668,2026-07-17 07:12:14.739715
233,04786128ca79475490e0933bd9aee8f0,cama_mesa_banho,Bed Bath Table,31,745,10,39588.0,14720.0,Large,2026-07-17 06:50:20.501668,2026-07-17 07:12:14.739715
234,d1507251b3724ec49e8da90f2ed84bf9,moveis_decoracao,Furniture & Decor,31,1116,12,26018.0,70070.0,Large,2026-07-17 06:50:20.501668,2026-07-17 07:12:14.739715
235,e8b2925735c44b03adc274f7a124e516,relogios_presentes,Watches & Gifts,53,812,1,26552.0,471200.0,Large,2026-07-17 06:50:20.501668,2026-07-17 07:12:14.739715
236,f8abe63830214d0aa9ebeb6992150ebe,utilidades_domesticas,Housewares,32,1992,4,9211.0,1440.0,Medium,2026-07-17 06:50:20.501668,2026-07-17 07:12:14.739715
237,5c5605d6dc4c45e493edc49e5a6d2d24,utilidades_domesticas,Housewares,36,911,13,24445.0,680340.0,Large,2026-07-17 06:50:20.501668,2026-07-17 07:12:14.739715
238,b437cdc11bee40bd88697ce27cc5e2d0,automotivo,Auto,94,2500,9,4964.0,2730.0,Medium,2026-07-17 06:50:20.501668,2026-07-17 07:12:14.739715
239,2cf8a42132f8456ba7d722d34dfb3684,ferramentas_jardim,Garden Tools,36,476,11,8079.0,7040.0,Large,2026-07-17 06:50:20.501668,2026-07-17 07:12:14.739715
240,0a73ffba518f4c64ae4eaa94b36a2a10,esporte_lazer,Sports & Leisure,93,1874,13,32564.0,39008.0,Large,2026-07-17 06:50:20.501668,2026-07-17 07:12:14.739715
241,9044d530c8dc49308fbd10dfa5a68faf,brinquedos,Toys,42,1549,7,12315.0,99200.0,Large,2026-07-17 06:50:20.501668,2026-07-17 07:12:14.739715
242,c50224106a7e417ab233603eec8fad76,moveis_decoracao,Furniture & Decor,24,2615,20,16157.0,248472.0,Large,2026-07-17 06:50:20.501668,2026-07-17 07:12:14.739715
243,a095ea4e15f14ab0bb1fda0110cd847c,brinquedos,Toys,90,2062,2,5798.0,47520.0,Large,2026-07-17 06:50:20.501668,2026-07-17 07:12:14.739715
244,e175d7738ff544d0b5ae5603a0d18238,brinquedos,Toys,45,2732,17,16378.0,44030.0,Large,2026-07-17 06:50:20.501668,2026-07-17 07:12:14.739715
245,296d25de5e504f2c9bff2216c75768a4,papelaria,Stationery,120,1570,16,35735.0,252791.0,Large,2026-07-17 06:50:20.501668,2026-07-17 07:12:14.739715
246,5188a909c32e49bb90fe419cd5cf97f7,alimentos_bebidas,Food & Drink,69,1207,6,1758.0,120285.0,Large,2026-07-17 06:50:20.501668,2026-07-17 07:12:14.739715
247,80e200eb7451465f8c9665442804d83e,beleza_saude,Health & Beauty,119,1250,2,30962.0,284400.0,Large,2026-07-17 06:50:20.501668,2026-07-17 07:12:14.739715
248,3fc4f65219fe4b968feed99bc1dcd096,utilidades_domesticas,Housewares,40,510,8,15854.0,281853.0,Large,2026-07-17 06:50:20.501668,2026-07-17 07:12:14.739715
249,09c66a1d012c41ba985fbbea5b1a9549,informatica_acessorios,Computers & Accessories,117,998,19,25505.0,36450.0,Large,2026-07-17 06:50:20.501668,2026-07-17 07:12:14.739715
250,7ce2cdaa267c44319076de0309ad07e7,utilidades_domesticas,Housewares,95,1402,12,38818.0,71440.0,Large,2026-07-17 06:50:20.501668,2026-07-17 07:12:14.739715
251,3a78f9b2325b4f1393f73dea7b510a6e,relogios_presentes,Watches & Gifts,42,2108,2,5965.0,33456.0,Large,2026-07-17 06:50:20.501668,2026-07-17 07:12:14.739715
252,7391965d20ee4b3db957d1d660da931c,utilidades_domesticas,Housewares,22,2256,16,94.0,117030.0,Large,2026-07-17 06:50:20.501668,2026-07-17 07:12:14.739715
253,e32fedf1925340e3a20bc022dace429d,moveis_decoracao,Furniture & Decor,63,826,11,3953.0,12880.0,Large,2026-07-17 06:50:20.501668,2026-07-17 07:12:14.739715
254,1381f6a89a474ac8a043114b9c256ea2,moveis_decoracao,Furniture & Decor,119,554,17,23963.0,69160.0,Large,2026-07-17 06:50:20.501668,2026-07-17 07:12:14.739715
255,9ae26d6b87284aa3b18a340b5262650b,papelaria,Stationery,95,513,11,19826.0,25300.0,Large,2026-07-17 06:50:20.501668,2026-07-17 07:12:14.739715
256,d1dc68c44d6f45b4a94f00621c8e05fd,brinquedos,Toys,101,2095,11,11466.0,671460.0,Large,2026-07-17 06:50:20.501668,2026-07-17 07:12:14.739715
257,fa6fe9a153134f289fb34e8b8fc00207,bebes,Babies,48,2826,19,11541.0,228536.0,Large,2026-07-17 06:50:20.501668,2026-07-17 07:12:14.739715
258,21b8ba18fbb74df29a8c0faf422ff36b,relogios_presentes,Watches & Gifts,36,827,1,37591.0,38115.0,Large,2026-07-17 06:50:20.501668,2026-07-17 07:12:14.739715
259,3769980c6de140ca8706b0b633f01755,esporte_lazer,Sports & Leisure,97,1403,20,14526.0,119196.0,Large,2026-07-17 06:50:20.501668,2026-07-17 07:12:14.739715
260,682de16eb4c94027beb613159a8d065a,outros,Others,38,1456,3,15647.0,57330.0,Large,2026-07-17 06:50:20.501668,2026-07-17 07:12:14.739715
261,86651b15518a45d794c1fe2a190bab7a,automotivo,Auto,110,2844,11,29320.0,7068.0,Large,2026-07-17 06:50:20.501668,2026-07-17 07:12:14.739715
262,b5593e681f644a98a713281a0843a1a6,utilidades_domesticas,Housewares,108,377,12,16870.0,8730.0,Large,2026-07-17 06:50:20.501668,2026-07-17 07:12:14.739715
263,b5fb2ad87f5142259ed44b20f5d6cd6e,informatica_acessorios,Computers & Accessories,69,1894,14,10951.0,205428.0,Large,2026-07-17 06:50:20.501668,2026-07-17 07:12:14.739715
264,e6c1c23d2907439f96cac8d700107ed6,bebes,Babies,89,1637,4,31473.0,631488.0,Large,2026-07-17 06:50:20.501668,2026-07-17 07:12:14.739715
265,5316005cb880488d9c5e97620b310188,utilidades_domesticas,Housewares,40,1948,3,2239.0,13230.0,Large,2026-07-17 06:50:20.501668,2026-07-17 07:12:14.739715
266,498374ef577a4de0b1e7d92a3096bbdb,telefonia,Telephony,33,403,11,11198.0,129850.0,Large,2026-07-17 06:50:20.501668,2026-07-17 07:12:14.739715
267,429186fb0e2e471fb43f5d4e314d45d3,automotivo,Auto,90,481,11,38980.0,520410.0,Large,2026-07-17 06:50:20.501668,2026-07-17 07:12:14.739715
268,c3502338fcd6422988b03a7d9f4e930d,beleza_saude,Health & Beauty,75,2777,6,39851.0,16500.0,Large,2026-07-17 06:50:20.501668,2026-07-17 07:12:14.739715
269,015db2cc4c0a4ac3ab5a672c71bb45a6,cama_mesa_banho,Bed Bath Table,62,941,7,26872.0,683850.0,Large,2026-07-17 06:50:20.501668,2026-07-17 07:12:14.739715
270,10119b14f8294d1e89fcf9748c8d6411,telefonia,Telephony,104,1253,10,15617.0,10285.0,Large,2026-07-17 06:50:20.501668,2026-07-17 07:12:14.739715
271,48dd16d7e1b54331a795cfd80f4df664,outros,Others,39,323,12,300.0,39648.0,Large,2026-07-17 06:50:20.501668,2026-07-17 07:12:14.739715
272,d5931d2b190546e2879e750b523bc9a6,outros,Others,45,497,1,13612.0,93912.0,Large,2026-07-17 06:50:20.501668,2026-07-17 07:12:14.739715
273,6066fbdb3205490884275a0c5112f5ca,automotivo,Auto,80,573,10,26098.0,387595.0,Large,2026-07-17 06:50:20.501668,2026-07-17 07:12:14.739715
1,6a3d8e95eea4407282b2cb3ea9064966,bebes,Babies,92,2408,5,36953.0,145928.0,Large,2026-07-17 06:50:20.501668,2026-07-17 07:12:14.739715
274,ce4b8e4f62334efba4a74fda14c61b2f,telefonia,Telephony,31,2729,18,25446.0,77168.0,Large,2026-07-17 06:50:20.501668,2026-07-17 07:12:14.739715
275,33b0966f17324feabcd6cf4176a863db,bebes,Babies,43,1925,2,17305.0,148352.0,Large,2026-07-17 06:50:20.501668,2026-07-17 07:12:14.739715
276,90221e534b2a4fd7847f1594cc50b886,utilidades_domesticas,Housewares,54,2411,2,9954.0,143820.0,Large,2026-07-17 06:50:20.501668,2026-07-17 07:12:14.739715
277,e8e85f83215049d8b5c6eeeb439b0843,automotivo,Auto,105,1508,18,27181.0,204000.0,Large,2026-07-17 06:50:20.501668,2026-07-17 07:12:14.739715
278,9fb78b3ab42d4fc49fbcd1b7f3bea0e9,informatica_acessorios,Computers & Accessories,69,2240,14,35145.0,466440.0,Large,2026-07-17 06:50:20.501668,2026-07-17 07:12:14.739715
279,e5a5248abd6e48b186b5339b23654efd,utilidades_domesticas,Housewares,80,1324,3,25923.0,59616.0,Large,2026-07-17 06:50:20.501668,2026-07-17 07:12:14.739715
280,67bac5c9b82a41c9855d05fa0d05395b,moveis_decoracao,Furniture & Decor,35,1939,6,11005.0,19488.0,Large,2026-07-17 06:50:20.501668,2026-07-17 07:12:14.739715
281,ca7a594bcc8d4aeaa6a29cff1887dda3,informatica_acessorios,Computers & Accessories,74,420,14,13282.0,158355.0,Large,2026-07-17 06:50:20.501668,2026-07-17 07:12:14.739715
282,39ba8e2af2e94c758319f7f4e9f7934e,telefonia,Telephony,60,374,3,25484.0,313500.0,Large,2026-07-17 06:50:20.501668,2026-07-17 07:12:14.739715
283,ada0cf8075b14f8f83526aae09a89da1,alimentos_bebidas,Food & Drink,55,2228,15,860.0,631680.0,Large,2026-07-17 06:50:20.501668,2026-07-17 07:12:14.739715
284,83c7ba4a88ec4c2d8d5acbc80e74750f,brinquedos,Toys,34,1797,5,9762.0,486640.0,Large,2026-07-17 06:50:20.501668,2026-07-17 07:12:14.739715
285,6f73cf6679024f2893762ed26a8144f7,cama_mesa_banho,Bed Bath Table,33,2404,4,18799.0,203889.0,Large,2026-07-17 06:50:20.501668,2026-07-17 07:12:14.739715
286,43816f2af0d648ba85ae86f6c8069c4d,telefonia,Telephony,69,2782,16,37538.0,47970.0,Large,2026-07-17 06:50:20.501668,2026-07-17 07:12:14.739715
287,42891747a00a4a6a9cbabe06100c50df,esporte_lazer,Sports & Leisure,55,1750,5,39938.0,479136.0,Large,2026-07-17 06:50:20.501668,2026-07-17 07:12:14.739715
288,ccb33c437e6341bdb86ac97afe2356ac,informatica_acessorios,Computers & Accessories,70,1457,8,3280.0,253500.0,Large,2026-07-17 06:50:20.501668,2026-07-17 07:12:14.739715
289,cfb24c284b4b4cdd94d849d346c0b567,cama_mesa_banho,Bed Bath Table,49,650,10,29089.0,175812.0,Large,2026-07-17 06:50:20.501668,2026-07-17 07:12:14.739715
290,43ba70c83a7145d0a5b32de957fc77a4,brinquedos,Toys,97,2744,3,12366.0,111264.0,Large,2026-07-17 06:50:20.501668,2026-07-17 07:12:14.739715
291,508945254cbe4b059d63e730f02b9399,outros,Others,117,2215,12,3733.0,22750.0,Large,2026-07-17 06:50:20.501668,2026-07-17 07:12:14.739715
292,11bff991f27c4ab4a7580b1e0fd9a09d,relogios_presentes,Watches & Gifts,110,2175,13,8939.0,44352.0,Large,2026-07-17 06:50:20.501668,2026-07-17 07:12:14.739715
293,8e202cd77fce45dba4eeb1d9707c0abf,esporte_lazer,Sports & Leisure,44,922,2,16400.0,6237.0,Large,2026-07-17 06:50:20.501668,2026-07-17 07:12:14.739715
294,c9b0fbde10d04535a3e0b02ca4b99a62,bebes,Babies,110,915,9,24190.0,242880.0,Large,2026-07-17 06:50:20.501668,2026-07-17 07:12:14.739715
295,c8d9a28e015847448899b8806f487451,cama_mesa_banho,Bed Bath Table,107,225,8,24459.0,336474.0,Large,2026-07-17 06:50:20.501668,2026-07-17 07:12:14.739715
296,16048402d4944ccab69e2de5dc532e49,esporte_lazer,Sports & Leisure,80,2503,18,22971.0,46550.0,Large,2026-07-17 06:50:20.501668,2026-07-17 07:12:14.739715
297,50e62c6215ae45809c7c813bd2a8b3a8,automotivo,Auto,56,212,13,3303.0,62400.0,Large,2026-07-17 06:50:20.501668,2026-07-17 07:12:14.739715
298,88d40fba55964c44a8f52b1a390546da,utilidades_domesticas,Housewares,102,1022,7,17684.0,351120.0,Large,2026-07-17 06:50:20.501668,2026-07-17 07:12:14.739715
299,fdf77c556b5942e387aca5904c1b2ad3,beleza_saude,Health & Beauty,119,2894,1,31120.0,49329.0,Large,2026-07-17 06:50:20.501668,2026-07-17 07:12:14.739715
300,a592f0bbcf1f40cfb2468f4fcec45073,beleza_saude,Health & Beauty,48,1133,20,20068.0,793440.0,Large,2026-07-17 06:50:20.501668,2026-07-17 07:12:14.739715
301,561da1553b594ab6abf2cf5aa3d79b10,telefonia,Telephony,74,1642,12,30130.0,75776.0,Large,2026-07-17 06:50:20.501668,2026-07-17 07:12:14.739715
302,d5c35b16ae1a4e57b6cfc00781993c44,relogios_presentes,Watches & Gifts,106,2232,20,26077.0,7110.0,Large,2026-07-17 06:50:20.501668,2026-07-17 07:12:14.739715
303,7a52ec0e7c644197b87f171021192ba3,bebes,Babies,91,2751,20,39964.0,162196.0,Large,2026-07-17 06:50:20.501668,2026-07-17 07:12:14.739715
304,bfcb6bed6c30439e8b9dc6c165d16a35,cama_mesa_banho,Bed Bath Table,81,361,11,18169.0,158240.0,Large,2026-07-17 06:50:20.501668,2026-07-17 07:12:14.739715
305,601722897fae407daa8afc98e1c7abe9,telefonia,Telephony,103,2768,10,12394.0,59640.0,Large,2026-07-17 06:50:20.501668,2026-07-17 07:12:14.739715
306,ec577e63fe0a43eba35f18de4efe8b06,informatica_acessorios,Computers & Accessories,96,1755,11,9220.0,68288.0,Large,2026-07-17 06:50:20.501668,2026-07-17 07:12:14.739715
307,ad2961aad7224e8981c9ea10fec3dd0e,outros,Others,57,1162,14,26565.0,48114.0,Large,2026-07-17 06:50:20.501668,2026-07-17 07:12:14.739715
308,9bdfac7c466d4ac18705904fb83ae8a3,perfumaria,Perfumery,63,1010,18,31227.0,310500.0,Large,2026-07-17 06:50:20.501668,2026-07-17 07:12:14.739715
309,57f8ba1e478d41ff88ede47dc3cc59f4,relogios_presentes,Watches & Gifts,41,2793,18,11920.0,46410.0,Large,2026-07-17 06:50:20.501668,2026-07-17 07:12:14.739715
310,dd8946e77829433e936873015bbf29cf,moveis_decoracao,Furniture & Decor,114,1159,18,12047.0,380512.0,Large,2026-07-17 06:50:20.501668,2026-07-17 07:12:14.739715
311,3d8bc0509a4b4cc093b9200bae57100a,automotivo,Auto,48,1555,8,20175.0,141752.0,Large,2026-07-17 06:50:20.501668,2026-07-17 07:12:14.739715
17,54eeea3b1e724c0f8149cb06c333dbdd,alimentos_bebidas,Food & Drink,103,1241,8,7484.0,22176.0,Large,2026-07-17 06:50:20.501668,2026-07-17 07:12:14.739715
312,cc30d4a249d24e19be3315ae9ed192b5,telefonia,Telephony,94,1304,15,7768.0,61490.0,Large,2026-07-17 06:50:20.501668,2026-07-17 07:12:14.739715
313,99900db0fb64434a95c684205db29b7a,automotivo,Auto,80,896,17,7902.0,351072.0,Large,2026-07-17 06:50:20.501668,2026-07-17 07:12:14.739715
314,9b2fed6ef4204297b3b9c6b6ff536854,relogios_presentes,Watches & Gifts,72,321,5,9052.0,82080.0,Large,2026-07-17 06:50:20.501668,2026-07-17 07:12:14.739715
315,eb0127c4b5f24397b0e6c2982b6bbe31,ferramentas_jardim,Garden Tools,38,1395,6,5346.0,267665.0,Large,2026-07-17 06:50:20.501668,2026-07-17 07:12:14.739715
316,748da5226c724ea3aefa867cab339873,esporte_lazer,Sports & Leisure,60,2698,2,358.0,76880.0,Large,2026-07-17 06:50:20.501668,2026-07-17 07:12:14.739715
317,5af94737998740efbff311a5d8d96ad1,esporte_lazer,Sports & Leisure,93,748,16,5819.0,104580.0,Large,2026-07-17 06:50:20.501668,2026-07-17 07:12:14.739715
318,be0a619b788b42f8b5a446a1015f7c89,brinquedos,Toys,71,1857,16,25171.0,3285.0,Medium,2026-07-17 06:50:20.501668,2026-07-17 07:12:14.739715
319,41055fca137742e4a9642518c3d82da2,perfumaria,Perfumery,113,1628,1,21166.0,14616.0,Large,2026-07-17 06:50:20.501668,2026-07-17 07:12:14.739715
320,0fe3102bf6ae4b0ab908c8bad4cbdbfd,beleza_saude,Health & Beauty,100,1119,8,22617.0,16632.0,Large,2026-07-17 06:50:20.501668,2026-07-17 07:12:14.739715
321,97770586270a48bca8e7146ebb9e9b7f,papelaria,Stationery,84,2511,10,10995.0,5590.0,Large,2026-07-17 06:50:20.501668,2026-07-17 07:12:14.739715
322,94c7f87e69fb4dc193d17a6ac7ee4e1c,relogios_presentes,Watches & Gifts,78,2231,20,34398.0,264960.0,Large,2026-07-17 06:50:20.501668,2026-07-17 07:12:14.739715
323,e78d264734cf420e8ce17ce5763fb3d3,moveis_decoracao,Furniture & Decor,63,2107,12,12398.0,10192.0,Large,2026-07-17 06:50:20.501668,2026-07-17 07:12:14.739715
324,d5be98ae3f0445d4b13933e30e0edf3e,utilidades_domesticas,Housewares,48,637,7,1486.0,143520.0,Large,2026-07-17 06:50:20.501668,2026-07-17 07:12:14.739715
325,58b167dab6bb48fca598d49c4d7f2c1d,cama_mesa_banho,Bed Bath Table,66,2764,2,24638.0,232286.0,Large,2026-07-17 06:50:20.501668,2026-07-17 07:12:14.739715
326,095ce313c6634ae5a3abcd823962c035,informatica_acessorios,Computers & Accessories,96,296,4,1343.0,19437.0,Large,2026-07-17 06:50:20.501668,2026-07-17 07:12:14.739715
327,2e7e1484499f40869528902d1f541742,brinquedos,Toys,76,1657,4,35916.0,226070.0,Large,2026-07-17 06:50:20.501668,2026-07-17 07:12:14.739715
328,d28644f43081458687f95916ebaefb26,moveis_decoracao,Furniture & Decor,46,2947,1,19783.0,87754.0,Large,2026-07-17 06:50:20.501668,2026-07-17 07:12:14.739715
329,56e19cc840174af08c502323447781eb,telefonia,Telephony,99,2580,5,27498.0,122220.0,Large,2026-07-17 06:50:20.501668,2026-07-17 07:12:14.739715
330,60eea1d0f9d94feea949e9dc8e4e9c0c,cama_mesa_banho,Bed Bath Table,56,566,4,32669.0,73800.0,Large,2026-07-17 06:50:20.501668,2026-07-17 07:12:14.739715
331,cd658e2143a04fb0accaf7dd5d70f221,telefonia,Telephony,86,926,12,26903.0,10500.0,Large,2026-07-17 06:50:20.501668,2026-07-17 07:12:14.739715
332,b05e749fb0564c58a0d24f2b2b9c99a6,outros,Others,46,2918,16,21716.0,1050.0,Medium,2026-07-17 06:50:20.501668,2026-07-17 07:12:14.739715
333,e3e4553175e847deaafc1dbcf5dce0c2,automotivo,Auto,34,2451,16,9824.0,15680.0,Large,2026-07-17 06:50:20.501668,2026-07-17 07:12:14.739715
334,f33a3a8bddf64086be437fe1491df589,cama_mesa_banho,Bed Bath Table,52,2739,8,29983.0,102144.0,Large,2026-07-17 06:50:20.501668,2026-07-17 07:12:14.739715
335,074d197a5e95428caaf8d2ba0eea0227,informatica_acessorios,Computers & Accessories,32,815,2,19092.0,208845.0,Large,2026-07-17 06:50:20.501668,2026-07-17 07:12:14.739715
336,ae0dd92c16fc457a9400c64338769b2e,brinquedos,Toys,114,574,4,3057.0,11748.0,Large,2026-07-17 06:50:20.501668,2026-07-17 07:12:14.739715
337,b4adc2164fa943f1941638e6aac64f79,esporte_lazer,Sports & Leisure,62,1564,15,17633.0,81536.0,Large,2026-07-17 06:50:20.501668,2026-07-17 07:12:14.739715
338,882442631beb4dcb8e72a3f24d437eef,alimentos_bebidas,Food & Drink,43,566,13,26280.0,132678.0,Large,2026-07-17 06:50:20.501668,2026-07-17 07:12:14.739715
339,18a4b6bb2aa74434aea467d9ecde4ce4,outros,Others,73,2757,6,7459.0,191478.0,Large,2026-07-17 06:50:20.501668,2026-07-17 07:12:14.739715
340,483b1853cdd24e69a9340719f651f28d,informatica_acessorios,Computers & Accessories,40,524,14,38765.0,462462.0,Large,2026-07-17 06:50:20.501668,2026-07-17 07:12:14.739715
341,dbfb8d0b04a64c7bbc4af8cc5de5d9d4,ferramentas_jardim,Garden Tools,43,2603,13,23551.0,61088.0,Large,2026-07-17 06:50:20.501668,2026-07-17 07:12:14.739715
342,b52b0e5a9fdf452db3c57b4495ce6e62,moveis_decoracao,Furniture & Decor,81,2099,4,27003.0,7930.0,Large,2026-07-17 06:50:20.501668,2026-07-17 07:12:14.739715
343,e0cb720318ad421c9915a188fa6e4121,telefonia,Telephony,103,1387,1,34444.0,756600.0,Large,2026-07-17 06:50:20.501668,2026-07-17 07:12:14.739715
344,ccdbbd22d5de40159fcd25ab3bb01868,utilidades_domesticas,Housewares,105,1485,17,34332.0,734328.0,Large,2026-07-17 06:50:20.501668,2026-07-17 07:12:14.739715
345,2e5db4a259c44eefa9f62b8407c1d4e9,cama_mesa_banho,Bed Bath Table,75,2810,8,31633.0,396851.0,Large,2026-07-17 06:50:20.501668,2026-07-17 07:12:14.739715
346,29db9249fac346599b10bde2c5c76dc6,papelaria,Stationery,39,2386,20,3626.0,13050.0,Large,2026-07-17 06:50:20.501668,2026-07-17 07:12:14.739715
347,f2a9ed38caea4e82a4dfccb659b571d8,outros,Others,83,777,3,32270.0,75670.0,Large,2026-07-17 06:50:20.501668,2026-07-17 07:12:14.739715
348,3f3fe01c21264e68a18a58aa84b7e1f1,telefonia,Telephony,26,2176,8,36127.0,258216.0,Large,2026-07-17 06:50:20.501668,2026-07-17 07:12:14.739715
349,1a499e2b2dfb49f489b8a8a3b7f24673,utilidades_domesticas,Housewares,30,1980,15,37604.0,67456.0,Large,2026-07-17 06:50:20.501668,2026-07-17 07:12:14.739715
350,7113e1644d624643af29e6653943bc25,ferramentas_jardim,Garden Tools,60,586,16,1214.0,57456.0,Large,2026-07-17 06:50:20.501668,2026-07-17 07:12:14.739715
351,5f4be47b57724758b3f574a7e89caa8c,informatica_acessorios,Computers & Accessories,91,2349,1,6006.0,592368.0,Large,2026-07-17 06:50:20.501668,2026-07-17 07:12:14.739715
352,695edfe652f94625a91309f09c1c9563,relogios_presentes,Watches & Gifts,85,2403,7,29948.0,26928.0,Large,2026-07-17 06:50:20.501668,2026-07-17 07:12:14.739715
353,43f80a9dc2594a85afd9c4795fd685e2,utilidades_domesticas,Housewares,78,1459,18,39368.0,555360.0,Large,2026-07-17 06:50:20.501668,2026-07-17 07:12:14.739715
354,b22dcb8831df4d1f99338442f0dcbab7,bebes,Babies,111,1953,4,6435.0,14685.0,Large,2026-07-17 06:50:20.501668,2026-07-17 07:12:14.739715
355,c4837547595642c1bb50874e08abe602,alimentos_bebidas,Food & Drink,65,2695,10,35943.0,347048.0,Large,2026-07-17 06:50:20.501668,2026-07-17 07:12:14.739715
356,c27803b0b958465eb73177a908fb6f3d,cama_mesa_banho,Bed Bath Table,25,772,16,9254.0,931200.0,Large,2026-07-17 06:50:20.501668,2026-07-17 07:12:14.739715
357,75a7a46ff8854452b60ede2537755274,brinquedos,Toys,33,1141,20,12889.0,31900.0,Large,2026-07-17 06:50:20.501668,2026-07-17 07:12:14.739715
358,be1d940f52e14ce8a91547bf02df0e97,perfumaria,Perfumery,78,880,11,7112.0,49880.0,Large,2026-07-17 06:50:20.501668,2026-07-17 07:12:14.739715
359,d05079ae00b2476d9fba7ee1e1e4dcb2,cama_mesa_banho,Bed Bath Table,118,1945,15,38671.0,103224.0,Large,2026-07-17 06:50:20.501668,2026-07-17 07:12:14.739715
360,e42cb2a5de3c49c89f648f55c3342c3a,beleza_saude,Health & Beauty,87,298,18,28414.0,364980.0,Large,2026-07-17 06:50:20.501668,2026-07-17 07:12:14.739715
361,71c50a98be1545e58aa52d756c30ea21,esporte_lazer,Sports & Leisure,108,2469,6,8463.0,86508.0,Large,2026-07-17 06:50:20.501668,2026-07-17 07:12:14.739715
362,3334f776749c483c937e6dee55c3e8c0,alimentos_bebidas,Food & Drink,84,1675,14,39961.0,133920.0,Large,2026-07-17 06:50:20.501668,2026-07-17 07:12:14.739715
363,cfb6c1c688724af78ffb23acc0ddcc81,papelaria,Stationery,63,1304,15,8790.0,102828.0,Large,2026-07-17 06:50:20.501668,2026-07-17 07:12:14.739715
364,6fcaa4b9de0646298618f219370253a0,relogios_presentes,Watches & Gifts,109,2343,11,36329.0,81600.0,Large,2026-07-17 06:50:20.501668,2026-07-17 07:12:14.739715
365,c9a4c72b450e4e52ba835744ad5183f6,perfumaria,Perfumery,99,1290,12,8744.0,225720.0,Large,2026-07-17 06:50:20.501668,2026-07-17 07:12:14.739715
366,c2aa4d727f0e4a4cb6fb3b47915191e4,alimentos_bebidas,Food & Drink,110,572,12,36899.0,406692.0,Large,2026-07-17 06:50:20.501668,2026-07-17 07:12:14.739715
367,e5fc0d38a4e1462ea2c42a7f9c8143c5,brinquedos,Toys,106,2286,10,27731.0,7668.0,Large,2026-07-17 06:50:20.501668,2026-07-17 07:12:14.739715
368,17794fb993654c63bd0695af56e1a619,beleza_saude,Health & Beauty,68,695,2,3759.0,29250.0,Large,2026-07-17 06:50:20.501668,2026-07-17 07:12:14.739715
369,4a156c96c2564f66a7e82529f31222b2,relogios_presentes,Watches & Gifts,107,1126,5,4115.0,121086.0,Large,2026-07-17 06:50:20.501668,2026-07-17 07:12:14.739715
370,ee0002faea1740eba8b43c4131e2dad1,informatica_acessorios,Computers & Accessories,65,1953,4,36873.0,287100.0,Large,2026-07-17 06:50:20.501668,2026-07-17 07:12:14.739715
371,e8af3c00c1494316bfe52cbccd9dcdbb,papelaria,Stationery,50,2192,10,3128.0,165996.0,Large,2026-07-17 06:50:20.501668,2026-07-17 07:12:14.739715
372,2ab7bd01c38844fda112659299a30cbe,alimentos_bebidas,Food & Drink,90,320,1,16521.0,153720.0,Large,2026-07-17 06:50:20.501668,2026-07-17 07:12:14.739715
373,eb4c25d2a9bd47fea579de36471f6fde,utilidades_domesticas,Housewares,101,2986,12,38610.0,600732.0,Large,2026-07-17 06:50:20.501668,2026-07-17 07:12:14.739715
374,accd991a68494066b37ad6fdf0433cb1,perfumaria,Perfumery,119,892,10,29463.0,34776.0,Large,2026-07-17 06:50:20.501668,2026-07-17 07:12:14.739715
375,d9861564588f423f9cdd2f0e5ef7ffb9,esporte_lazer,Sports & Leisure,42,2204,4,24770.0,23600.0,Large,2026-07-17 06:50:20.501668,2026-07-17 07:12:14.739715
376,4e7a7c9e8c19452b9f8f9e7cb16d3fb9,telefonia,Telephony,36,759,19,16762.0,15040.0,Large,2026-07-17 06:50:20.501668,2026-07-17 07:12:14.739715
377,f500b46bbd274bc29af7fcae9a0e2ace,moveis_decoracao,Furniture & Decor,25,729,11,39167.0,77605.0,Large,2026-07-17 06:50:20.501668,2026-07-17 07:12:14.739715
378,1f876279281748efb40a65f5bfb113da,relogios_presentes,Watches & Gifts,82,2445,18,23517.0,59850.0,Large,2026-07-17 06:50:20.501668,2026-07-17 07:12:14.739715
379,d726739603af4b15b3da39db9b540e94,utilidades_domesticas,Housewares,43,2232,3,33154.0,107300.0,Large,2026-07-17 06:50:20.501668,2026-07-17 07:12:14.739715
380,ac91ca35900f452fbab4f3523bf8bcc7,papelaria,Stationery,31,1531,8,14032.0,196601.0,Large,2026-07-17 06:50:20.501668,2026-07-17 07:12:14.739715
381,13395efc332a4fc8aa23a0bdfb46c356,bebes,Babies,57,994,20,34816.0,434720.0,Large,2026-07-17 06:50:20.501668,2026-07-17 07:12:14.739715
382,fce0104e93dd49e9b5666548f35f9919,beleza_saude,Health & Beauty,34,2839,12,29257.0,252735.0,Large,2026-07-17 06:50:20.501668,2026-07-17 07:12:14.739715
383,2d90f5417266496e9a49b1d4910cda92,utilidades_domesticas,Housewares,25,2895,11,25043.0,37962.0,Large,2026-07-17 06:50:20.501668,2026-07-17 07:12:14.739715
384,83f3ebc7b9924e478f030fdffcd485ef,relogios_presentes,Watches & Gifts,23,2217,12,33755.0,290780.0,Large,2026-07-17 06:50:20.501668,2026-07-17 07:12:14.739715
385,2b696a035a5a4ee09daf2735aded92fc,informatica_acessorios,Computers & Accessories,57,2768,7,21042.0,17850.0,Large,2026-07-17 06:50:20.501668,2026-07-17 07:12:14.739715
386,c810b07371c24e0ca69e189715124b6b,esporte_lazer,Sports & Leisure,118,2303,18,530.0,34255.0,Large,2026-07-17 06:50:20.501668,2026-07-17 07:12:14.739715
387,019649b6db9745de86e97ca0d607eeb3,perfumaria,Perfumery,107,1837,4,13522.0,679338.0,Large,2026-07-17 06:50:20.501668,2026-07-17 07:12:14.739715
388,0f75aafac83e4d3da25edb111d7d7491,brinquedos,Toys,102,395,5,1606.0,284256.0,Large,2026-07-17 06:50:20.501668,2026-07-17 07:12:14.739715
389,8ffa880930c44c1cbaf4231bcafb4713,informatica_acessorios,Computers & Accessories,31,400,2,11714.0,39368.0,Large,2026-07-17 06:50:20.501668,2026-07-17 07:12:14.739715
390,abcb6d9cb5ec4cf9b12ecfb1284b4076,utilidades_domesticas,Housewares,53,1769,13,29614.0,285600.0,Large,2026-07-17 06:50:20.501668,2026-07-17 07:12:14.739715
391,1709c723e35543cda973c93637901048,alimentos_bebidas,Food & Drink,22,1695,4,35100.0,42195.0,Large,2026-07-17 06:50:20.501668,2026-07-17 07:12:14.739715
392,8c2f9206dcd44f1c9c40c6cca1baa84f,automotivo,Auto,116,2498,2,4807.0,62100.0,Large,2026-07-17 06:50:20.501668,2026-07-17 07:12:14.739715
393,662d036d968749d79933fa7d05a94317,relogios_presentes,Watches & Gifts,120,2909,10,39801.0,40016.0,Large,2026-07-17 06:50:20.501668,2026-07-17 07:12:14.739715
394,1c69c3e77b7b4c0794249bd012397039,papelaria,Stationery,70,2806,1,31113.0,60225.0,Large,2026-07-17 06:50:20.501668,2026-07-17 07:12:14.739715
395,08f1866229ea4f4a8c954140b091e637,moveis_decoracao,Furniture & Decor,115,1701,18,19381.0,85054.0,Large,2026-07-17 06:50:20.501668,2026-07-17 07:12:14.739715
396,9b7de7a23fd24ab7b1d1efaf48f48df9,bebes,Babies,21,2367,18,9315.0,1000.0,Medium,2026-07-17 06:50:20.501668,2026-07-17 07:12:14.739715
397,d5e24c0b016446b9bc2f245fd2446f5a,papelaria,Stationery,88,2342,3,20018.0,306900.0,Large,2026-07-17 06:50:20.501668,2026-07-17 07:12:14.739715
398,18fac68b862d43f998cea844ee1b23ea,bebes,Babies,47,1790,17,9385.0,23100.0,Large,2026-07-17 06:50:20.501668,2026-07-17 07:12:14.739715
399,01d89e48c4834a2eb7afe9346e00ed0b,telefonia,Telephony,44,569,6,37228.0,52800.0,Large,2026-07-17 06:50:20.501668,2026-07-17 07:12:14.739715
400,e89e2cdc52c94167b6b6a5a917e1fa18,automotivo,Auto,57,2851,3,16479.0,49470.0,Large,2026-07-17 06:50:20.501668,2026-07-17 07:12:14.739715
401,0139b31f505441ea9f1678d9bf80b040,outros,Others,62,1562,5,15420.0,58548.0,Large,2026-07-17 06:50:20.501668,2026-07-17 07:12:14.739715
402,ba73c3327f9644218ec507b5094080a0,automotivo,Auto,44,1401,16,29583.0,347189.0,Large,2026-07-17 06:50:20.501668,2026-07-17 07:12:14.739715
403,37b152121c10451ba7ace871e699e718,relogios_presentes,Watches & Gifts,108,2492,5,37114.0,176715.0,Large,2026-07-17 06:50:20.501668,2026-07-17 07:12:14.739715
404,fc05f572b1244b018942e1dd9cfc9aab,brinquedos,Toys,41,119,11,16183.0,313632.0,Large,2026-07-17 06:50:20.501668,2026-07-17 07:12:14.739715
405,a0c7cdf762a140a993bfb2368f96fcca,brinquedos,Toys,55,1572,5,21779.0,261888.0,Large,2026-07-17 06:50:20.501668,2026-07-17 07:12:14.739715
406,0c836178121141cba512289f61139146,bebes,Babies,119,1351,16,36204.0,42282.0,Large,2026-07-17 06:50:20.501668,2026-07-17 07:12:14.739715
407,6b2f6da0383c45008e45f3b7b62b391e,automotivo,Auto,55,673,18,12923.0,316540.0,Large,2026-07-17 06:50:20.501668,2026-07-17 07:12:14.739715
408,bcd0a85779c341719a91ffe63edc7f85,automotivo,Auto,113,408,1,33288.0,53720.0,Large,2026-07-17 06:50:20.501668,2026-07-17 07:12:14.739715
409,ffd0f4423458415cb10ebdef05a26c3c,papelaria,Stationery,118,2516,7,2452.0,210900.0,Large,2026-07-17 06:50:20.501668,2026-07-17 07:12:14.739715
410,cdecd43c28bd4274b670abd8aa9de084,outros,Others,103,708,12,25772.0,258720.0,Large,2026-07-17 06:50:20.501668,2026-07-17 07:12:14.739715
411,27e86653ae144751b416b713cfac5fc9,relogios_presentes,Watches & Gifts,37,2003,17,33500.0,44880.0,Large,2026-07-17 06:50:20.501668,2026-07-17 07:12:14.739715
412,ceb03a0b5ad04a888fb3b553cfaa2aec,beleza_saude,Health & Beauty,104,1078,20,10918.0,95480.0,Large,2026-07-17 06:50:20.501668,2026-07-17 07:12:14.739715
413,6c2da4c0d53f4a97adf1a2baa88d3108,esporte_lazer,Sports & Leisure,42,2419,19,9631.0,640332.0,Large,2026-07-17 06:50:20.501668,2026-07-17 07:12:14.739715
414,619319674bff4934b6b8b868b086db6b,bebes,Babies,25,996,16,15237.0,25688.0,Large,2026-07-17 06:50:20.501668,2026-07-17 07:12:14.739715
415,2d1efb6937324f80bc8f01bebf3f56d6,utilidades_domesticas,Housewares,25,2838,7,33990.0,179010.0,Large,2026-07-17 06:50:20.501668,2026-07-17 07:12:14.739715
416,db19b6a32b924e678b94731afaa52c1a,ferramentas_jardim,Garden Tools,25,263,11,6814.0,580070.0,Large,2026-07-17 06:50:20.501668,2026-07-17 07:12:14.739715
417,2bd22334f0284f3fb4b82ec62eddc7ab,telefonia,Telephony,114,1178,19,35724.0,110187.0,Large,2026-07-17 06:50:20.501668,2026-07-17 07:12:14.739715
418,898270a6b42c41d49af107bd5ed2797c,papelaria,Stationery,66,2507,3,33910.0,64713.0,Large,2026-07-17 06:50:20.501668,2026-07-17 07:12:14.739715
419,b2c232558d0444a08000b338300171be,papelaria,Stationery,65,1513,16,31645.0,28290.0,Large,2026-07-17 06:50:20.501668,2026-07-17 07:12:14.739715
420,470711286c9e40b28934eaf651f1de25,moveis_decoracao,Furniture & Decor,76,778,8,5102.0,243600.0,Large,2026-07-17 06:50:20.501668,2026-07-17 07:12:14.739715
421,5828d45de8c840f4b357e6dc8f5fb320,perfumaria,Perfumery,39,865,6,23788.0,157440.0,Large,2026-07-17 06:50:20.501668,2026-07-17 07:12:14.739715
422,31c830ac91154337a490506405dd9586,utilidades_domesticas,Housewares,73,1452,4,31606.0,396396.0,Large,2026-07-17 06:50:20.501668,2026-07-17 07:12:14.739715
424,f3b8ad7a842e4764a2a63394fedddab9,esporte_lazer,Sports & Leisure,37,2678,17,2618.0,21528.0,Large,2026-07-17 06:50:20.501668,2026-07-17 07:12:14.739715
425,6921517da06f4b228a18ab2dccdbd482,esporte_lazer,Sports & Leisure,53,837,17,26621.0,536382.0,Large,2026-07-17 06:50:20.501668,2026-07-17 07:12:14.739715
426,fc33c6e997a44303a966ae386174f184,beleza_saude,Health & Beauty,112,2810,10,5669.0,162688.0,Large,2026-07-17 06:50:20.501668,2026-07-17 07:12:14.739715
427,0b7b42ba82db4b809ea0694469dc9a43,outros,Others,81,798,8,26970.0,147177.0,Large,2026-07-17 06:50:20.501668,2026-07-17 07:12:14.739715
428,8793d95bbf494e93acb5264fd5d4a422,esporte_lazer,Sports & Leisure,99,2801,17,17385.0,232024.0,Large,2026-07-17 06:50:20.501668,2026-07-17 07:12:14.739715
429,dceed61e22fa4b78bab5958942cfffc6,alimentos_bebidas,Food & Drink,78,2543,19,4561.0,97308.0,Large,2026-07-17 06:50:20.501668,2026-07-17 07:12:14.739715
430,4e2a130a0de04aa3add0516a4d2498ad,moveis_decoracao,Furniture & Decor,33,167,7,34306.0,368184.0,Large,2026-07-17 06:50:20.501668,2026-07-17 07:12:14.739715
431,7f6bd8a44e3e4c60bdebda7582ec83ea,moveis_decoracao,Furniture & Decor,97,494,6,31236.0,60507.0,Large,2026-07-17 06:50:20.501668,2026-07-17 07:12:14.739715
423,2c01e02670be4f179a0bafe1cf6837b9,perfumaria,Perfumery,95,760,14,1521.0,7560.0,Large,2026-07-17 06:50:20.501668,2026-07-17 07:12:14.739715
432,6b4df14a5a6f4b95a32fe5e55532c9ed,cama_mesa_banho,Bed Bath Table,31,2075,5,39599.0,33670.0,Large,2026-07-17 06:50:20.501668,2026-07-17 07:12:14.739715
433,8dacfcb3b57f4c729a802f3b5b4f2007,brinquedos,Toys,86,1823,12,2896.0,399312.0,Large,2026-07-17 06:50:20.501668,2026-07-17 07:12:14.739715
434,2b6a887b43ec460889d95332370f276b,utilidades_domesticas,Housewares,81,1661,12,38653.0,725868.0,Large,2026-07-17 06:50:20.501668,2026-07-17 07:12:14.739715
435,4e227f284046448f9bebd4392eae95c3,cama_mesa_banho,Bed Bath Table,74,648,9,31319.0,20910.0,Large,2026-07-17 06:50:20.501668,2026-07-17 07:12:14.739715
436,a6e5842d83e64915bd818855e1f18eb8,brinquedos,Toys,52,874,1,516.0,110760.0,Large,2026-07-17 06:50:20.501668,2026-07-17 07:12:14.739715
437,14ab97fc61dd43ed8db8b2e22e793111,beleza_saude,Health & Beauty,68,2781,7,20752.0,52326.0,Large,2026-07-17 06:50:20.501668,2026-07-17 07:12:14.739715
438,d2a3e3db93154c529608bac85d83c5f8,moveis_decoracao,Furniture & Decor,74,2768,19,16672.0,163666.0,Large,2026-07-17 06:50:20.501668,2026-07-17 07:12:14.739715
439,909629b9c3224b99b01d8fdd6863cbb7,bebes,Babies,98,1228,13,13399.0,324900.0,Large,2026-07-17 06:50:20.501668,2026-07-17 07:12:14.739715
440,19279e11f58041dc97bd102f3671a6dd,outros,Others,42,1616,18,36416.0,107448.0,Large,2026-07-17 06:50:20.501668,2026-07-17 07:12:14.739715
441,d5c7bcd94bb04dba86bebaae4f46dd19,bebes,Babies,119,2989,13,9098.0,178000.0,Large,2026-07-17 06:50:20.501668,2026-07-17 07:12:14.739715
442,94b176058147493ab4bdfbb0626bf47f,utilidades_domesticas,Housewares,77,2964,6,6621.0,125440.0,Large,2026-07-17 06:50:20.501668,2026-07-17 07:12:14.739715
443,00eb8fb8166c475b982e3c4fe6d40b00,alimentos_bebidas,Food & Drink,90,2615,2,10584.0,23220.0,Large,2026-07-17 06:50:20.501668,2026-07-17 07:12:14.739715
444,a951966e57354956b6486b64344de6ba,automotivo,Auto,38,2031,20,28582.0,7904.0,Large,2026-07-17 06:50:20.501668,2026-07-17 07:12:14.739715
445,6cf8952134c144e1ba72295798529047,utilidades_domesticas,Housewares,67,427,20,2524.0,293328.0,Large,2026-07-17 06:50:20.501668,2026-07-17 07:12:14.739715
446,f16546239521467db5e3531f111e2cf9,relogios_presentes,Watches & Gifts,111,2547,2,11536.0,356728.0,Large,2026-07-17 06:50:20.501668,2026-07-17 07:12:14.739715
447,42f9065114994197b6628874279fb147,beleza_saude,Health & Beauty,45,2790,17,18793.0,21141.0,Large,2026-07-17 06:50:20.501668,2026-07-17 07:12:14.739715
450,47144a9a9447420aa8bfd6850bdcb793,perfumaria,Perfumery,86,162,3,5959.0,298275.0,Large,2026-07-17 06:50:20.501668,2026-07-17 07:12:14.739715
451,b7f6c66dc7534c0ca3da0c0588a476d9,bebes,Babies,64,1232,8,39788.0,102312.0,Large,2026-07-17 06:50:20.501668,2026-07-17 07:12:14.739715
452,7ce573b5492c430aaeae93988c16aa61,beleza_saude,Health & Beauty,53,816,14,33226.0,19152.0,Large,2026-07-17 06:50:20.501668,2026-07-17 07:12:14.739715
453,6763c56675984123bdcbeb913294cf16,relogios_presentes,Watches & Gifts,63,579,17,16938.0,210678.0,Large,2026-07-17 06:50:20.501668,2026-07-17 07:12:14.739715
454,f44569c64f7e425a9c72abf12eb68e93,ferramentas_jardim,Garden Tools,68,2406,16,15993.0,278208.0,Large,2026-07-17 06:50:20.501668,2026-07-17 07:12:14.739715
455,cb4e4354e1b24bedb22d9d323a2d8815,ferramentas_jardim,Garden Tools,95,212,16,7669.0,26182.0,Large,2026-07-17 06:50:20.501668,2026-07-17 07:12:14.739715
456,863f79b8c3d94c2f8c7a20e72a19d313,utilidades_domesticas,Housewares,106,2972,8,20741.0,202350.0,Large,2026-07-17 06:50:20.501668,2026-07-17 07:12:14.739715
457,c85e74186b194a038d0d45973d7f5227,beleza_saude,Health & Beauty,109,1178,8,18877.0,81536.0,Large,2026-07-17 06:50:20.501668,2026-07-17 07:12:14.739715
458,d5ab0270a24c4fd1a8af43e295f18a87,alimentos_bebidas,Food & Drink,29,2371,6,31281.0,72000.0,Large,2026-07-17 06:50:20.501668,2026-07-17 07:12:14.739715
459,9ec126b1967144d0a835da4b10977268,telefonia,Telephony,43,2898,7,32752.0,103950.0,Large,2026-07-17 06:50:20.501668,2026-07-17 07:12:14.739715
460,114f2504131c4cc79e7c8770197d12a5,utilidades_domesticas,Housewares,53,946,8,13338.0,151200.0,Large,2026-07-17 06:50:20.501668,2026-07-17 07:12:14.739715
461,3a36acde5475493ea807c384a9eb03fd,moveis_decoracao,Furniture & Decor,119,536,4,5193.0,550732.0,Large,2026-07-17 06:50:20.501668,2026-07-17 07:12:14.739715
462,fdde969d616a475abf44e49e490c8bf1,beleza_saude,Health & Beauty,117,2317,2,31657.0,196560.0,Large,2026-07-17 06:50:20.501668,2026-07-17 07:12:14.739715
463,e6e6a18caef34de98250bd2f9a2a9565,outros,Others,93,1225,16,12034.0,154000.0,Large,2026-07-17 06:50:20.501668,2026-07-17 07:12:14.739715
464,a442f747648f47a2bc0753c15ccef133,utilidades_domesticas,Housewares,116,2462,5,3598.0,280368.0,Large,2026-07-17 06:50:20.501668,2026-07-17 07:12:14.739715
465,15658534bec341efb8309a21462eba96,informatica_acessorios,Computers & Accessories,84,1522,13,11505.0,118440.0,Large,2026-07-17 06:50:20.501668,2026-07-17 07:12:14.739715
466,b23e0118d6c6414ab13ab8ad919f2751,ferramentas_jardim,Garden Tools,60,2923,1,824.0,149513.0,Large,2026-07-17 06:50:20.501668,2026-07-17 07:12:14.739715
467,c281cffddb8a4a7db869ffeef6932e80,cama_mesa_banho,Bed Bath Table,61,1581,20,17069.0,79800.0,Large,2026-07-17 06:50:20.501668,2026-07-17 07:12:14.739715
468,a2f4d63fe31d4bd9a8280df542f3c833,utilidades_domesticas,Housewares,54,2030,20,22535.0,97104.0,Large,2026-07-17 06:50:20.501668,2026-07-17 07:12:14.739715
469,f4c93dc652934bab9a528b59d7da6f00,brinquedos,Toys,46,1816,12,23975.0,138880.0,Large,2026-07-17 06:50:20.501668,2026-07-17 07:12:14.739715
470,58448a01cb054638bdbca91faa47b083,esporte_lazer,Sports & Leisure,93,637,19,15029.0,64311.0,Large,2026-07-17 06:50:20.501668,2026-07-17 07:12:14.739715
471,0a2f3af72f5849f4bec63c74ccea8b66,utilidades_domesticas,Housewares,91,1870,13,12899.0,54648.0,Large,2026-07-17 06:50:20.501668,2026-07-17 07:12:14.739715
19,f805e5f19cc54f938e9742017645a55a,ferramentas_jardim,Garden Tools,47,2606,10,32241.0,13200.0,Large,2026-07-17 06:50:20.501668,2026-07-17 07:12:14.739715
20,3081f2efd93643ec84f27488b24852ae,automotivo,Auto,77,807,15,5803.0,372600.0,Large,2026-07-17 06:50:20.501668,2026-07-17 07:12:14.739715
21,186263f224714f09a7a444338faa4ee2,bebes,Babies,110,365,18,35581.0,45150.0,Large,2026-07-17 06:50:20.501668,2026-07-17 07:12:14.739715
22,7ee9fbf666bb4d439c2646a11d6b068c,esporte_lazer,Sports & Leisure,66,2183,8,8003.0,23100.0,Large,2026-07-17 06:50:20.501668,2026-07-17 07:12:14.739715
23,009c3c5c9923482896b84af0d6b35f40,outros,Others,23,1578,18,37554.0,249600.0,Large,2026-07-17 06:50:20.501668,2026-07-17 07:12:14.739715
24,532d848727434e309902770f30b48261,moveis_decoracao,Furniture & Decor,98,453,3,20319.0,512160.0,Large,2026-07-17 06:50:20.501668,2026-07-17 07:12:14.739715
25,fa928589755246fc8efc232eced18961,outros,Others,87,1782,14,37726.0,13230.0,Large,2026-07-17 06:50:20.501668,2026-07-17 07:12:14.739715
26,feb5368f93df42278d405c9964ef400a,automotivo,Auto,77,2008,17,22628.0,135450.0,Large,2026-07-17 06:50:20.501668,2026-07-17 07:12:14.739715
27,18bcabbbce6d44f782ad828ccbea08b2,esporte_lazer,Sports & Leisure,118,628,14,33005.0,17040.0,Large,2026-07-17 06:50:20.501668,2026-07-17 07:12:14.739715
28,d8c9a24f107649749de52613a81b9504,moveis_decoracao,Furniture & Decor,58,774,6,21195.0,153615.0,Large,2026-07-17 06:50:20.501668,2026-07-17 07:12:14.739715
29,fd651d6f60f74e699a0c792039753a99,relogios_presentes,Watches & Gifts,30,1126,7,36149.0,71400.0,Large,2026-07-17 06:50:20.501668,2026-07-17 07:12:14.739715
472,b4bd6df535dd4a88aa1609d93e96b53f,outros,Others,21,823,14,32791.0,132770.0,Large,2026-07-17 06:50:20.501668,2026-07-17 07:12:14.739715
473,4fefd4ff38984d1994b226412d520876,alimentos_bebidas,Food & Drink,120,2093,10,16497.0,64372.0,Large,2026-07-17 06:50:20.501668,2026-07-17 07:12:14.739715
474,63014f0480a04c529f3b077fd71a7959,papelaria,Stationery,32,2928,6,3984.0,76960.0,Large,2026-07-17 06:50:20.501668,2026-07-17 07:12:14.739715
490,c7fbe6d536454ca99ac36c60e0fddf57,relogios_presentes,Watches & Gifts,64,2072,18,14935.0,42944.0,Large,2026-07-17 06:50:20.501668,2026-07-17 07:12:14.739715
491,776bc4c65273493f9b981be9cb08ea46,bebes,Babies,72,1164,5,19944.0,2130.0,Medium,2026-07-17 06:50:20.501668,2026-07-17 07:12:14.739715
492,04cb854787ea4ec387915496fb2dd2be,moveis_decoracao,Furniture & Decor,64,1274,16,35118.0,37386.0,Large,2026-07-17 06:50:20.501668,2026-07-17 07:12:14.739715
493,87a9fe1ee6274ce8b239a683677f0ed2,outros,Others,58,137,14,19246.0,13770.0,Large,2026-07-17 06:50:20.501668,2026-07-17 07:12:14.739715
494,9f5fb1ce1e3845dea94dad06c2c27717,bebes,Babies,44,1786,18,28696.0,49500.0,Large,2026-07-17 06:50:20.501668,2026-07-17 07:12:14.739715
495,1207c3c1559c48b78ff536641979939b,papelaria,Stationery,68,1003,9,5241.0,175525.0,Large,2026-07-17 06:50:20.501668,2026-07-17 07:12:14.739715
496,8d7aa8f36cbd45dfaf89bc289fe6b894,telefonia,Telephony,56,2756,18,17667.0,21489.0,Large,2026-07-17 06:50:20.501668,2026-07-17 07:12:14.739715
497,986824130c2b4b9aababddb90ffddf1d,esporte_lazer,Sports & Leisure,37,1286,4,29891.0,203112.0,Large,2026-07-17 06:50:20.501668,2026-07-17 07:12:14.739715
498,3b871387d31c4080886cb87190c345b6,outros,Others,44,1413,1,10021.0,5621.0,Large,2026-07-17 06:50:20.501668,2026-07-17 07:12:14.739715
499,93f9f29d24574f4b9d94e7b374a2d5eb,esporte_lazer,Sports & Leisure,33,1255,9,8244.0,573888.0,Large,2026-07-17 06:50:20.501668,2026-07-17 07:12:14.739715
500,214fa96ea4b147048b343d7f9953e2c0,beleza_saude,Health & Beauty,49,469,5,1015.0,104448.0,Large,2026-07-17 06:50:20.501668,2026-07-17 07:12:14.739715
3,1385594af8364745b8aa992b0936704b,outros,Others,100,846,5,4185.0,54432.0,Large,2026-07-17 06:50:20.501668,2026-07-17 07:12:14.739715
4,d70b958945d348d78476e9a25a49d1f8,relogios_presentes,Watches & Gifts,45,279,7,2796.0,138600.0,Large,2026-07-17 06:50:20.501668,2026-07-17 07:12:14.739715
5,5dc21f335b94460aab863cbb20d72b57,papelaria,Stationery,89,2039,9,2449.0,103443.0,Large,2026-07-17 06:50:20.501668,2026-07-17 07:12:14.739715
6,22c6059755364ffba9dd1cbbc43fe347,bebes,Babies,119,295,11,17955.0,62400.0,Large,2026-07-17 06:50:20.501668,2026-07-17 07:12:14.739715
7,46c18826e4304573bb5dcf6b6b4a8a4e,papelaria,Stationery,115,1901,13,22269.0,177072.0,Large,2026-07-17 06:50:20.501668,2026-07-17 07:12:14.739715
8,eade502c29be45f6a6b969e583a2489f,outros,Others,67,2226,9,5464.0,86730.0,Large,2026-07-17 06:50:20.501668,2026-07-17 07:12:14.739715
9,221468933ed14664962595d945a1e0fd,brinquedos,Toys,97,839,18,19302.0,12420.0,Large,2026-07-17 06:50:20.501668,2026-07-17 07:12:14.739715
10,ebc38c50f2f34aa7a57a56ae29c168a8,alimentos_bebidas,Food & Drink,104,1310,10,29273.0,464448.0,Large,2026-07-17 06:50:20.501668,2026-07-17 07:12:14.739715
11,485690ac441c43e4ac83cc861e737e77,esporte_lazer,Sports & Leisure,108,1918,12,29353.0,49000.0,Large,2026-07-17 06:50:20.501668,2026-07-17 07:12:14.739715
12,538605400a444988b076c146ab030298,brinquedos,Toys,55,2719,2,4967.0,433440.0,Large,2026-07-17 06:50:20.501668,2026-07-17 07:12:14.739715
13,8fc3a6d4a7894b79bf94975b4459e6c4,bebes,Babies,85,2882,6,2090.0,171626.0,Large,2026-07-17 06:50:20.501668,2026-07-17 07:12:14.739715
14,7dbb5a973dac4163a4d4e15c71f20e3c,ferramentas_jardim,Garden Tools,24,617,3,15516.0,226287.0,Large,2026-07-17 06:50:20.501668,2026-07-17 07:12:14.739715
15,cc58b7baa53d4b13be1db3603fda8657,papelaria,Stationery,92,232,20,10105.0,293384.0,Large,2026-07-17 06:50:20.501668,2026-07-17 07:12:14.739715
16,d9bbebfef7944731852b6e9c09e50374,bebes,Babies,76,414,19,9073.0,201960.0,Large,2026-07-17 06:50:20.501668,2026-07-17 07:12:14.739715
2,243cf3d060644ac7be8496a9eb5f2d0d,bebes,Babies,22,1483,10,20428.0,251920.0,Large,2026-07-17 06:50:20.501668,2026-07-17 07:12:14.739715
448,4639071e9240449ea64dca287f8b51e9,utilidades_domesticas,Housewares,98,794,2,23625.0,15400.0,Large,2026-07-17 06:50:20.501668,2026-07-17 07:12:14.739715
449,88f25bcf1bc94009b104bc0dec714374,esporte_lazer,Sports & Leisure,31,1230,13,23192.0,277200.0,Large,2026-07-17 06:50:20.501668,2026-07-17 07:12:14.739715
475,10ff3c54d07c48b69ef22df5752237a6,cama_mesa_banho,Bed Bath Table,77,1470,9,23706.0,294576.0,Large,2026-07-17 06:50:20.501668,2026-07-17 07:12:14.739715
476,0e7b16b508a64137905a65a02d19fa4b,telefonia,Telephony,64,181,14,7995.0,365638.0,Large,2026-07-17 06:50:20.501668,2026-07-17 07:12:14.739715
477,c14df5bddcc448299e2c245a53cb929a,perfumaria,Perfumery,93,2458,18,11488.0,94300.0,Large,2026-07-17 06:50:20.501668,2026-07-17 07:12:14.739715
478,697e07b5aff2443fad8ec7c215725fa3,outros,Others,119,1930,3,25023.0,217792.0,Large,2026-07-17 06:50:20.501668,2026-07-17 07:12:14.739715
479,cbc45f217c114d0e8dd6e015ad4eaa36,moveis_decoracao,Furniture & Decor,41,2723,11,27694.0,550290.0,Large,2026-07-17 06:50:20.501668,2026-07-17 07:12:14.739715
480,e3b17cf5fde54a05bd909c8be52fa250,papelaria,Stationery,29,424,6,22569.0,68850.0,Large,2026-07-17 06:50:20.501668,2026-07-17 07:12:14.739715
481,56f553d0e1d440c1b3dc749143ac1cf0,relogios_presentes,Watches & Gifts,110,1195,20,25966.0,121329.0,Large,2026-07-17 06:50:20.501668,2026-07-17 07:12:14.739715
482,5f2e0f0260eb4583a93ae902b513ca34,ferramentas_jardim,Garden Tools,72,785,6,1563.0,72030.0,Large,2026-07-17 06:50:20.501668,2026-07-17 07:12:14.739715
483,5036ea0daf084a94bd319431a8c305d3,telefonia,Telephony,115,2970,3,13850.0,25740.0,Large,2026-07-17 06:50:20.501668,2026-07-17 07:12:14.739715
484,dff890f0da304c06ae5024ccc7e0bf6f,cama_mesa_banho,Bed Bath Table,28,2038,18,3577.0,31680.0,Large,2026-07-17 06:50:20.501668,2026-07-17 07:12:14.739715
485,89558835cafb4f5f81abb597ffa3a189,automotivo,Auto,33,1175,20,10226.0,71280.0,Large,2026-07-17 06:50:20.501668,2026-07-17 07:12:14.739715
486,3e213cfb22c0493abcb15ea0092e5f05,relogios_presentes,Watches & Gifts,49,1113,10,29092.0,37485.0,Large,2026-07-17 06:50:20.501668,2026-07-17 07:12:14.739715
487,c74ec4e1b06941d3849e8cde742365c1,esporte_lazer,Sports & Leisure,23,243,12,21362.0,307840.0,Large,2026-07-17 06:50:20.501668,2026-07-17 07:12:14.739715
488,d8cf6f9bc22e4a22b7e14d75a4ece096,telefonia,Telephony,90,1922,5,35392.0,174960.0,Large,2026-07-17 06:50:20.501668,2026-07-17 07:12:14.739715
489,1a89e6e2374542feb0c1ffc08a574e86,ferramentas_jardim,Garden Tools,100,2704,19,28556.0,532512.0,Large,2026-07-17 06:50:20.501668,2026-07-17 07:12:14.739715
